title,review_text,stars,url
Venom,"从前有一颗彗星上有一种高智商寄生鼻涕虫，他们族群可以寄生在任何生命体上生活。随着族群数量越来越多，彗星上的能源开始枯竭。正在他们即将走投无路的时候，另一个星球派了一个飞船来探索生命。
于是他们决定派出四位勇士，假装被飞船外星人抓住，借着这个飞船去探索新的星球。为族人延续生的希望。
快到这个新星球的时候，飞船突然坠毁了，身体最为强壮的暴乱逃出来。其他三位则被送进了实验室。
暴乱一路附身各种人的身体目标飞船的研发基地，在路上他看到了这座星球的繁华，打定主意，带更多的同伴过来，让他们可以过上更好的日子。
可是让他没想到的是本该跟他同生共死的兄弟，居然叛变了，理由仅仅是他认为自己在原本的星球是废物，体会不到生活的意义，而在这个星球难逢敌手，终于实现了自己的强者梦。
这个叛徒就是毒液，寄生新宿主没多久，就主动告诉人家自己的弱点，支持宿主保护自己的星球。拜托你的星球都快挤死了，记得同类都要饿死了。你想的就自己先开心，自认为是同类中的loser，估计被嘲笑过。就开始反对自己的族群，切断自己族群的生路。
对自己人也太不公平了吧，相比之下暴乱一出手就是入侵大boss，干净利落准备启动飞船。为了族群历尽千辛万苦，就差一点就能去接他们了，结果被叛徒毒液搞得功亏一篑，尸骨无存。
毒液你自己在新星球如鱼得水的时候有没有想起过小时候的那片土地和养育过你的一切。
毒液，你亏不亏心。站在一堆弱鸡面前很有成就感嘛，有本事你在自己的族群出人头地呀。
虽然我是人类，但是真心疼暴乱",1,https://movie.douban.com/review/9752042/
Venom,"大家没有觉得这是一个种族刻板印象到夸张的白人爽片吗？里面所有穷傻坏弱的角色都是有色人种，最坏的大boss是印度裔😂；印度裔女出于对印度裔男的恐惧，向正义的化身白男求助，最后还是被印度裔男残忍杀害了；华裔一个是马来西亚exotic脏乱差的夜市里变僵尸的华裔打女，一个是唐人街卖神秘中药和盗版DVD的大妈；墨西哥裔一个是呆呆的看门人，一个是打劫唐人街小店的强盗。。。所有体面职业、有魅力、有胆色、有影响和拯救他人能力的角色都是白人。只有白人在里面是“自然人”的形象，其他都是“他者”，包括外星人。最后少数族裔和外星人都被白人英雄打败、拯救或感化了。我的妈。看的时候，坐在我旁边的白人胖大叔感叹：“这个片子简直是当今世界的缩影。”
被straight white man感化的外星人还说：“没想到美国那么美，我不想走了，我在我的星球就是个loser，我要留在这里，与此同时，我还要阻止我的同胞大批涌入破坏这里的美。” 这哪里是外星人，这分明是华人川粉啊。
在场景选择上，好莱坞superhero电影有个套路，就是把灾难缘起之地设定在exotic而混乱的非西方国家，然后灾难逐步向“文明世界”蔓延。在人物设置上也有个套路，叫minority sidekick，有色人种好友陪衬，用他们对白人主角的喜爱、崇拜和依赖来塑造主角，他们本身是好人，但非完整人物。一般来说，美国校园偶像剧里的白女主角都有两个闺蜜，这两个闺蜜一般一个是黑人一个是亚裔，性格卡通化。（因此黑人和亚裔常被戏称为minority twin。）片中那几个跟男主如同称兄道弟一样的Homeless街头白女、华人大妈、墨西哥裔看门人，这些“友情桥段”都是为了衬托出男主的游走在三教九流之间的自如和吃得开。
白女主也是花瓶。有一个测试，你看电影时留意：1.片中是否有2个以上的女性角色且有台词？2.她俩对话过吗？3.除了心上人聊过别的吗？极少大片能通过这个测试。那有人说了，女主性格很强有一起打怪啊。这是近年另一个套路了，为显示平等，花瓶女主性格一般都被设的很强，关键时刻会让她按一个重要按钮。",1,https://movie.douban.com/review/9752240/
Venom,"很多人不敢说，这部电影烂透透透了，毒液本人会这样形容这部电影：PUSSY！
一开始无聊冗长几十分钟就讲反派害人，主角鲁蛇，又没新意拍的又不好看，哪怕让艾迪多脱几次衣服也不至于这么无聊。浪费的时间只能从后面的剧情里挤，导致毒液讲的情话如同PUA渣男一样不走心，还没怎么磨合就喜欢你为了你宁死守护地球了，你是反超级英雄吗，傻白甜都没这么傻。
导演可能是觉得观众都傻X的，只想拍一个傻X都看得懂的电影，以撒这个名字一出来就知道他要牺牲，稍微留点空白的美感不好吗，非得让反派和动物世界赵忠祥一样耐心科普了一下以撒是谁，他为什么要牺牲，我为什么要。。。可以说一开始就觉得这反派low爆了。
为什么没有教堂的第一次！！实验室里那个第一次结合，可以说是儿童电影都不会这么拍，科学家让艾迪不要碰任何东西，艾迪进去就砸了玻璃当大盗，神奇的是这玻璃原来可以靠人力砸开哦，神奇外星生物这么厉害（自以为）连玻璃都打不开，到结尾都没想起自己害死的科学家，是记者不是无脑黑猩猩，节省的时间都省在这了吗
艾迪和毒液的吻感受到了导演想讨好吃这条线的，但实在是匆匆忙忙，还是建立在一个极其脑残的剧情后面的，反派要去森林杀艾迪，你是不是傻！！实验室里最安全了，是为了一万种意外才去森林吗？
脑残桥段太多，火箭的发射地和城市只隔了一座桥啊，声波就能搞死的外星生物还想来侵略地球啊，是主角的智商给了你们勇气吗，一路换宿主只是为了换到反派身上啊，这条线加在一起能有十几分钟至少吧，完全是一条游离剧情之外的线，看到一个接一个换宿主只会想翻白眼，有这时间想听艾迪和毒液多聊聊天好吗，从宇航员到亚裔女人到老女人到小孩，教科书级的垃圾情节设计
最后一口吃了那个抢劫小卖店店家的小混混那里，感觉导演想说“你看这是个反超级英雄吧他可是吃了罪不至死的人呢”但前面的毒液一直表现的都是能被艾迪控制了，最后只能说要么艾迪傻了要么导演傻了
最大的感觉就是不走心，没有一个人物的塑造让我感觉到走心，都是前后矛盾，行为奇怪，看完的感觉就是被糊弄非常不爽！",1,https://movie.douban.com/review/9832430/
Venom,"赶着首映就去看了venom这部期待许久的反英雄电影。
但是作为一个严肃不专业影评人，就不给大家期待了，直接进入结论吧。
Venom我只能给5分，3分给hardy老哥。
第二部分按照惯例应该是吐槽梳理剧情的部分，今天这部分也暂时略过直接说一下我想讲的主题吧，毕竟......这部venom真的没有剧情......
What is Antihero?
所以反英雄到底是什么？An antiheroorantiheroineis aprotagonistin a story who lacks conventionalheroic qualitiesand attributes such asidealism, courage and morality.Although antiheroes may sometimes do the right thing, it is not always for the right reasons, often acting primarily out of self-interest or in ways that defy conventionalethical codes.
反英雄并不是不能做好事，而是他的出发点和英雄不一样，使用的方法也和英雄不一样。就像Deadpool，第一部Deadpool里小贱贱一直强调自己不是英雄，虽然他帮小女孩解决了跟踪她的人让他从某种意义上说是在做好事儿，但是他严格来说没有像英雄那样强烈的道德驱动，在整部剧中，驱动他去获得能力，驱动他去打击坏人的主要原因都是出于他自己的利益考虑。为了爱情和能活得更长，他去找了Frances去寻找治疗的可能，后面发现真相逃出去之后也是为了恢复自己的脸（其实这点设定一直有一点，如果死侍的自愈能力这么强，他正儿八经的磨一波皮，长出来的新皮肤还是那个样子的吗=。=只能理解为可能他在获得能力的时候他的身体默认那个坑坑洼洼的样子就是他本来的样子吧，就像在那个时候存了档，想要恢复，可能只能二周目了）才又走上打击他们的道路。从始至终都不是为了正义，为了打击违法犯罪，只是自己要去找他们报仇，而他们恰好是坏人罢了。
为什么现在反英雄话题如此流行，为什么反英雄现在如此的受人欢迎了呢？
从Sony老蜘蛛侠3部曲开始，打开了漫改，超级英雄的电影世界，到现在已经快20年了。人们从最开始的能力越大责任越大，到现在灭霸弹指间灰飞烟灭已经过了太长时间了。在我看来，人们渐渐对正经的英雄主义看得太多，现在出来的那些更加真实的反英雄角色反而更能理解他们的动机和理解他们的情感。毕竟对于我们来说”I don’t care he kill my mom”比”why did you say that name”更好理解。严格来说星爵也是一个这样的角色，他并不是一个纯英雄，第一部里驱动他做决定的一直都不是伟光正的大道理，一开始他只是为了钱去偷东西的飞贼，之后遇到七七八八的事情才一不小心拯救了柴达星，第二部也是因为知道他爹杀了他妈的真相才决心奋起反击大义灭亲的。这些私人动机才成就了他的反英雄，而观众更能接受的就是这种没有那么多道德绑架之下，所作出的英雄举动，也许这才是反英雄的魅力。
What should we do next? Something good, something bad, or a bit both?
反观venom，从设定上来说，hardy哥一开始就是传统的美式英雄的设定，有点无拘无束，正义感很强，为了揭穿坏人的真面目不惜冒着丢掉工作的危险之类的，然后受到了天真的惩罚之后变得一无所有之后就，无所谓了继续去对抗恶势力。从头到尾他的动机都是内心的正义感而不是出于某些更自私的原因。而反观venom无法成为英雄的原因是因为venom吃人。这样的能力的副作用使得他的行为从某种意义上来说并不算是正义的。但是对反英雄电影来说，给人的感觉却更是本末倒置，有一种错位的感觉。就像是看着老爷拔出抢吭哧吭哧杀了几个坏人的错位感，特别的奇怪。
再来讲一讲Venom吃人...
Venom吃人...
这就是我想说的另一个level的问题了。吃人和杀人能放在一起说吗？能放在一起谈吗？这已经不是单纯的手段问题了，这也已经不是反英雄或者是邪恶的问题了。然而，更令我蛋疼的是，电影中无限弱化了吃人这个概念。上一个有这种issue的是谁？汉尼拔，但是不管他做了什么，都无法解除他邪恶的吃人本质，而这个特质就是这个角色无法分割的一部分。但是在venom里，吃人这个概念也弱化了，从最开始hardy哥饭店狂演饥饿的部分，到后面吃人了，venom一直保持饥饿的这个部分也被弱化了，只有那一小段有所体现。吃人在venom里就好像是我是个好人哦，但是我偶尔会吃个把人......ewwww
Who are you?
We are venom!
预告中中二满满的这一段，在电影的最后，以这样的形式，当着老板娘的面，把小混混吃了。我滴乖乖，求老板娘心理阴影面积。
再讲讲反派的问题.....sony一路走来，经历了这么多失败的蜘蛛侠电影= =还没明白过来呢！还弄了个这么失败的反派。让我说最后riot的那个反派的压迫感还没那个光头佣兵的压迫感强呢！哪有反派对着实验品讲这么长一段无意义的对话的呢！像同等的蚁人1中的那个反派，对实验品多无情，说弄死就弄死了，一点也不在意。再加上如果共生体真的那么珍贵，难道不安排人24小时监控的吗？电影中毫无意义的死了两个共生体，就因为共生体的宿主死亡的时候没有人在那儿看着给他换宿主，你在逗我吗？男主入侵公司的时候桶了这么大篓子，协助他入侵的博士还当场被保安撞见了，结果后面还堂而皇之的上了一两天班才被发现呢？你在逗我吗...现在的反派都这么不敬业了吗？而宿主会死这个设定一开始是提过好几次，在venom寄生hardy哥之前所有的寄生画面都表示解除寄生之后原宿主就挂了，结果到hardy哥这儿就不一样了，想寄生寄生，不想寄生就换人，还能不能更随意一点。Venom寄生hardy哥女友之后还和hardy哥打啵儿了！虽然hardy哥是有点beefcake，但是也不至于...我知道了，venom才是女主角吧喂！而最后venom决定帮hardy哥的原因，竟是因为在他的星球venom和hardy一样是个loser...震惊！宅男拯救世界竟是因为这个原因！
Sony经过了这么多失败的经验，还是回过劲儿来呢，赶快把版权还给漫威吧，求你别闹了，弄得我对同样超级期待的spiderman into the spider verse都有那么一丝犹豫了。
没有了血浆，昆丁还是昆丁吗？",1,https://movie.douban.com/review/9825772/
Venom,垃圾中的战斗机，史无前例的垃圾，浪费老子钱和时间，cnmb。到底是啥玩意，没搞明白。给我的感觉就是骗钱，豆瓣7.4不知道是咋回事，之前我还是特别信任豆瓣的，7.0以上的电影我就觉得ok了，今天真的是刷新我的三观了，难道豆瓣也开始走商业化路线了？这种电影，在我看来，顶多顶多1分吧。,1,https://movie.douban.com/review/9751817/
Venom,毒液 真难看 吃相也难看 为了拉中国市场 强硬加中国元素 不过也是不值一提的小商小贩 火箭明明掉在东马来西亚 当地夜市都讲汉语？ 硬生生六个月时间 双脚？到香港 从香港飞旧金山 马来西亚是没机场吗 就为了蹭中国元素 这么蹭的？ 旧金山那么多便利店 正好又是中国人的便利店 仿佛 戏里群演全安上中国人 中国就要去看看哪几个人在里头露脸了的意思  毒液作为一个外星loser一念之间就决定背叛自己的星球种族 决定帮助男主这个“外星人”守护地球？而且守护地球这个想法还是 毒液自己想出来的 我也是服气 这个想法 抄袭“超人”也抄的太生硬了吧 好歹超人是从小生活在地球 并不知道自己是外星人 经过思想斗争才捍卫地球的 你毒液作为一个外星入侵者 就这么不待见自己的星球种族？你是在自己的星球有多失败？恶心兮兮 毫无逻辑 就是为了拍而拍 为了喜剧结尾强硬拗正 毒液的外形就懒得吐槽了 前面拖拖拉拉毫无意义的剧情还不如后面给毒液本身的反叛加点逻辑心理活动 别漫威一出就觉得是什么好作品 冲中国元素这点就知道是来捞钱的 醒醒 主角咋不是那个中国老太太？,1,https://movie.douban.com/review/9787910/
Venom,"烂片，不剧透，有了资源我第一个发，别去浪费时间。
1各种删减，那些说没删的，看看龙标，等等以后未删减出来打脸。2完全脱离漫威宇宙，就是独立电影，为了推出新角色而拍。3剧情老套，穷人靠变异套路，一个loser，各种ruozhi，各种人格缺陷，莫名其妙被共生体看上，就变异了，变异以后各种NB，连前女友都帮助他，连前女友的现男友都帮助他，猪脚光环**，还有，女主你这么婊，你的医生男友知道么？4不尊重漫画，改编归改编，你倒是看看漫画在去改编啊，好，您没看过漫画，没看过漫威宇宙其他电影，您就觉得这片子好看，ok不和您抬杠，听您的好看。5就不能弄点其他漫威英雄过来么？提到毒液，自然联想到小蛛蛛，改个剧情拉来客串一下多好。6加几个国人为什么？迎合观众？说几句中文，漏几个中国字？什么居心？还当国人是几年前的观影思维？老套。",1,https://movie.douban.com/review/9752025/
Venom,"打着漫威的ID，圈钱。
真心觉得这电影差，爆米花电影就该有爆米花电影的觉悟。
同时期的《海王》虽然走的是漫威的路子，但确实诚意满满。
相对于个人而言，我更喜欢DC。
打斗，人物刻画，故事深度。
打斗有《超人》系列，故事也有深度。
人物刻画有《蝙蝠侠》系列，还有小丑就不用多说了。",1,https://movie.douban.com/review/12470064/
Venom,"花了一下午时间我就看了这麽一部烂到不行的烂片？？？我的心情？？？？啊啊啊啊啊啊啊！！！
妈的影评还要有字数限制？？？
以下一段内容瞎几把抄的（生气.jpg）
明月几时有？把酒问青天。不知天上宫阙，今夕是何年。我欲乘风归去，又恐琼楼玉宇，高处不胜寒。起舞弄清影，何似在人间？(何似 一作：何时；又恐 一作：惟 / 唯恐)
转朱阁，低绮户，照无眠。不应有恨，何事长向别时圆？人有悲欢离合，月有阴晴圆缺，此事古难全。但愿人长久，千里共婵娟。",1,https://movie.douban.com/review/10308420/
Venom,"这是一部充满讽刺和典型西方式幽默的电影。当然，英雄主义必不可少，拯救世界和美女是必备的沙拉。
       看完之后，回忆起来，感觉并没有多少共鸣，也没有多少爽文的感觉。更多的是像在看游戏直播，砰一个人头，砰砰砰，又拿下一血。不知道男主和吃人的外星人相处的如此之和谐，仿佛两个食人族在讨论食谱一样。人血，肝脏，还有电影中多次出现的生吃的现象，仿佛在看动物世界。当然，我看动物世界里，动物的进食和捕猎过程，是带着喜悦看的，很有满足感，哪怕是看人类采摘捕猎的过程，也很享受。可是这种带着外星人处处生吃，给人的感觉如此诡异，好像我们带着一个巧克力小人在糖果世界玩耍，看谁不顺眼就把它吃掉。
         设定问题不必苛求，在拯救世界的过程中，英雄的智商比不上17岁的蜘蛛侠，除了乱动就是硬杠，多亏了给配备毒液这个金手指，不然剧情都进行不下去。这样看起来，绿巨人都更可爱了。
          不过这就是一场爆米花电影，还能期待更多吗？",1,https://movie.douban.com/review/9988412/
Venom,"～他扳倒了很多人。。。
～是的，我也是其中之一。。。
这个对白笑死我了，疯狂的女支者在职业本能驱使下把女朋友都出卖了，追悔莫及，于是等到真有事的时候又退缩了。

总评一星1分，毒魔的形态很丑很恶心，女猪脚本狼倒是挺喜欢。剧情拖沓无聊。结尾这渣男还捞回前女友简直就是编剧作弊得来的。

剧中说到公司为了研究胰腺癌偷偷的用流浪汉来做人体实验，简直扯淡，这种规模的大公司，只要说一句要实验新药，大把病人排队去自愿当小白鼠，根本不缺病人，而是病人太多需要严格筛选，",1,https://movie.douban.com/review/9862313/
Venom,"《毒液》太太太太太让人失望了！
老套的故事、老套的情节、老套的价值观、老套的特效。影片开始不到二十分钟，都能猜岀哪些角色会死，哪些梗会反转，因为，的确是太老套了，所以有些梗很生硬也无所谓了，第一个镜头出来，都猜得到几秒之后该接哪个镜头。与之相比，《海王》都成了清新脱俗小可爱。
漫威电影走英雄路线，孩子们看了超人蜘蛛侠蝙蝠侠就想和他们一样匡扶正义。《毒液》连这一点点儿代入感都没做到。电影最后，男女主角感叹迷恋毒液上身赋予的力量感，但是光这么说一句就够么？整个120分钟，就没有表现人与这种力量共生之后，互相的理解与感受，影片中的力量感，就是毒液抡起人砸来砸去，把胳膊变形成刀剑砍来砍去，或者一口把人的头啃下来。不美，一点点暴力美学都没有。
影片中也没交待为什么有人能够与毒液共生并成功合体？有些人就惨死？我试着替导演和编剧解释：成功合体的，是本身就生命力旺盛、对未知事物充满强烈好奇心与探索精神的人，男主女主和大反派皆是这类人。
对拥有超乎常人的速度、力量的迷恋与追求，是永恒的青春主题一一一可惜，《毒液》连这一好莱坞常用手法都未理解透彻。",1,https://movie.douban.com/review/9843145/
Venom,那天我去开会，到场的有上万人，我问在座的每一位同学老师小朋友 ，我这版《西游记》一集都没有看过的请举手，没有一个人举手，什么叫国际影星啊？正说到这时，有位髭毛乍鬼的小朋友上来问我:六小爷爷，孙悟空有几个妖怪女朋友啊。我回答:我演吴承恩从他28岁演到82岁去世，我太了解他了。说完我把小朋友扛在肩上，走了两圈，说：小朋友，戏说不是胡说，改编不是乱编，你这样是要向全国人民谢罪的。说罢，把小朋友掷在地上摩擦摩擦，让他无数遍的体验了人被烧死前的感觉。结果这个小朋友有拼搏进取，不屈不挠，永不言败，乐观向上的猴王精神护体。后来这个小朋友按着玄奘法师取经的时间，十七年内去医院拍了25个片子，每个70元，拍了6年，总共不到2000元。 后来，警察找上门来抓我，我一看这女警察，上下一打量，哇，这女的太漂亮啦！ 她说要抓我，我一拍桌子：你这是人妖不分是非颠倒！简直就像让孙悟空和白骨精谈恋爱！现在由我领衔主演斥七亿巨资中美合拍的电影正在推进，2022年冬奥会都要用我的商标孙悟空当吉祥物，你怎么敢抓我呢！在印度，你抓哈奴曼试试，要抓抓你爷爷奶奶去。她说要抓的就是六小龄童，大家都说我姓六，要么就叫我六老师，六小先生，龄童爷爷，什么称呼都有。于是我拿出全国唯一的第二张身份证，你们要抓的是六小龄童，和我章金莱有什么关系？！,1,https://movie.douban.com/review/9829267/
Venom,看着呆头呆脑的男主角砸了玻璃门，救出乞丐女，被毒液侵入，我便不知不觉睡着了。（蜘蛛侠也是被蜘蛛叮咬后，开始变异成为超级英雄的啊，还用看吗？）看着呆头呆脑的男主角砸了玻璃门，救出乞丐女，被毒液侵入，我便不知不觉睡着了。（蜘蛛侠也是被蜘蛛叮咬后，看着呆头呆脑的男主角砸了玻璃门，救出乞丐女，被毒液侵入，我便不知不觉睡着了。（蜘蛛侠也是被蜘蛛叮咬后，开始变异成为超级英雄的啊，还用看吗？）变异成为超级英雄的啊，还用看吗？）,1,https://movie.douban.com/review/9822310/
Venom,浪费时间，侮辱智商。花了将近两个小时的时间，不知道电影在讲什么。情节一塌糊涂，特效居然还有人说好？你睁大眼睛好好看看，这是什么电影啊我去！！！这样烂的电影，在豆瓣居然会有这么高的分，我简直不能忍啊！！！！从开头到结尾，到底在讲个什么故事，一坨不知道什么东西，没有交代前因后果，没有理清先后顺序，乱七八糟瞎折腾几十分钟时间，然后一通打打杀杀，吃几个人头，搞一堆破坏，然后，然后。。。。然后就这么结束了？我两眼发黑一脸懵逼啊！这大冷天的，干什么不好来看这部电影！！！（天哪，我都激动到语无伦次了，不服的我们直接对峙好，管理员你要删就删，我认了！）,1,https://movie.douban.com/review/9812537/
Venom,"逻辑感有点弱，就是你会觉得一切发生得太快了，高潮不够高，也基本没什么悬念。
当然，作为一部英雄电影，我可以理解没有悬念这个点，但这也完全不应该妨碍它处处是高潮啊。比如，看最老版的蜘蛛侠，我处处都看得胆战心惊的，特别刺激，即使你猜的透走向也猜不透下一秒的才叫做好片子吧
再说说逻辑，vemon说他就是他们星球的小菜鸡所以才想留在地球逞逞威风，还不顾一切阻止了厄…暴乱？还是谁，乘火箭去他们星球接同胞回来
这位暴乱，作为一位巨佬，只会打架，其他什么都不会了，脑子也没有，上了火箭之后一下子就被别人秒掉了。估计他们星球只会打架，导致他们谈判也不会辩论也不会，诶…这么强壮的身体不学数学可惜了，要是学习了数学，不就无敌了？？！
我不知道是什么让毒液突然改变主意，这片子也没有突出这一点，就使得他做的这件事有一点不伦不类
拍电影是需要推敲的，即使你手法再老练，内容还是最重要的",1,https://movie.douban.com/review/9798199/
Venom,"垃圾电影，坑国人钱。这是我想了很久总结出的的8个字。希望国人早日走出漫威的商业陷阱。
情节bug也太多了
垃圾，这部电影的价值观达到让人啊崩溃的地步了，在北美口碑票房直跌，在中国赚的盆满钵满，傻逼电影。
以后再也不看漫威了，垃圾，这个电影其实连漫威宇宙都进不了，就是她妈赚中国人钱的！
煞笔豆瓣7.3分",1,https://movie.douban.com/review/9784826/
Venom,"本来是想去影院看的，但是看了评论，直接果断的找了百度云，家里看的，在家里看值得，影院不值得。
本来是想去影院看的，但是看了评论，直接果断的找了百度云，家里看的，在家里看值得，影院不值得。
本来是想去影院看的，但是看了评论，直接果断的找了百度云，家里看的，在家里看值得，影院不值得。
本来是想去影院看的，但是看了评论，直接果断的找了百度云，家里看的，在家里看值得，影院不值得。",1,https://movie.douban.com/review/9756042/
Venom,"为什么毒液可以跟男主融合又可以跟女主融合，融合后还这么强大，而其他的却很难（对了还有反派）?
       寄生体的智慧和能力都非常强，甚至有预言的能力，而且只能够吃新鲜的生物体（高蛋白，高脂肪的大脑、肝脏等）因此目标明明是攻占地球的寄生体，吧人类作为食物的生物为什么突然就改变主意要拯救地球了，以后吃什么?很主要的是全片里我都没看见毒液认真吃东西……从头担心它没吃饱到尾🙃
        特别不能理解的还有，这么强大的寄生体又怕火又怕独特频段的音频😓还怕射线，在我看来这些在现实生活中随处可见。更重要的是寄生体不能直接呼吸氧气，必须寄生在人的身上才能存活，但人类又是它的食物……这样的设定确定是外来高智慧生物?这不是分分钟就能被解决的弱鸡吗?就算不能解决，过几年自己也把自己吃死了好吗！
       而且！这么高智慧的生物你能不能发个信号到太空，自己根据定位开飞船来地球啊?居然还要从地球开飞船去接……我信了你的邪……",1,https://movie.douban.com/review/9754536/
Venom,被毒液给骗了，…大量不符合逻辑的剧情…毒液那么牛B怎么就被装到容器里面了？WTF？开始找那么多实验体都不行，主角行我就忍了，特么有主觉光环，女主角随随便便？反派boss随随便便？一人得道鸡犬升天？WTF？毒液附身之后还聊感情？聊人生？教毒液分辨好坏？甚至背叛队友？莫名其妙把队友干掉了？队友：WTF？蜘蛛侠：我是怎么把它干掉的-_-|| 对于这样的电影，我只想说：胃不舒服，怎么办？滕迅齿科医院，专业纠正牙齿，告别尖牙利嘴，牙好胃口就好，吃啥补啥，身体倍儿棒！,1,https://movie.douban.com/review/9752152/
Venom,"这电影居然能过广电影局，片头当危险来临的时候，弱小的华人，虽然敢反抗但是还是被杀害，我就呵呵了，便利店的店主，面对歹徒选择的是忍让，和中国现状是一样的，遇到事情能忍则忍，让恶势力更加的嚣张，片尾只有强大的美国人，才能保护华人。
想想现在中国和美国的政治形势，之间的摩擦，真流弊。
还是那句话，居然能通过在大陆上映。真尼玛6666666666666666666666666",1,https://movie.douban.com/review/9750312/
Venom,"可能含剧透................................................过..............................................................过..............................................................过..............................................................过..............................................................作为一个科幻、黑暗、暴力的片电影...血呢？为啥boss这么弱！评级15，脑抽了吧？
电影整体的效果还是不错的，但是真的有一种看被剪辑过的电影的感觉、总觉得缺些东西！诶、可能是太期待的缘故了吧...",1,https://movie.douban.com/review/9711916/
Venom,"非常糟糕的逻辑
非常单薄的人设
非常莫名的人物感情
非常浅薄的价值传递
我在尽力让自己客观，但是还是没能完全控制好自己的情绪。
男主从知名主持人一夜之间跌落到去报纸里找洗碗的工作谋生？
男主不是能力出众的名追踪记者吗？怎么被公司炒了以后都不带挣扎就变成losser？
外星毒液怎么就从任人宰割的黑水变成制造各种利器的油泥？
毒液寄生在谁都可以，包括小狗都行，为什么一定要寄生在男主losser身上？
毒液为啥能一下秒会人类的语言？你考过汉语四六级了吗？
男主在记者公司里下电梯，怎么就埋伏进一众警察？他的行踪怎么被正规军给追捕到的？
最可怕的是，他的前女友是怎么知道他在这？在恰当的时间出现在他“吃脑袋”的时候
结尾还玩了一个死而复生，还能不能更扯一点？飞船起飞，超过飞机的赫兹分贝，飞船爆炸，几千度的高温，你还能安然无恙？人从数百米高空掉到水里，不是应该和掉到水里一样感觉？bug实在太多，不说了……
逻辑你看《琅琊榜》，剧情丝丝入扣，人物关系复杂，却每一个都合情合理。我小说和电视剧照各看了两遍，硬是挑不出毛病。第二遍还更惊讶于作者对人物心理惊人又合情合理的描写。
看完电影以后，你问我男主的人物性格是什么？当知名记者的时候是没头脑的一介莽夫，失业的时候是一只落魄没胆的可怜虫？
反派的性格是什么？残暴，不拿人命当回事。开始还一心拯救人类大业，才被附体就当“人歼”去引入外星侵略体？怎么就突然丧心病狂地要毁灭人类了？
人设你看《我不是药神》，徐峥小人物的救赎，王传君病入膏肓的求生，黄毛无言的重情重义……随便一个角色拿出来都非常丰满和立体！
对你有爱到不能自拔的男主，犹豫都不带一下就偷窃女友律师的机密信息。
两个人突兀的甜蜜爱情突然破碎，真是比纸糊得还单薄
你说毒液是从哪一刻开始喜欢上男主的？又是哪一刻爱上地球的，让他能够同类相杀去，阻碍同类来地球生存？这种行为放在中国，叫做汉奸。放在地球叫做人歼。那他自己就是毒奸了！
人物感情你看《一出好戏》，losser黄渤偷偷喜欢舒淇，从人事部门后来舒淇的照片藏在钱包里，在舒淇和前夫的相处过程里，制造各种小麻烦。大男人笨手笨脚的，还折了一堆千纸鹤。舒淇离婚的时候还放鞭炮庆祝。这人物感情铺垫得多深厚，后面追求的剧情多么合情合理。
男主叫毒液，不要吃人，要吃也只能吃坏人，毒液问，怎么分辨好人坏人，男子说凭直觉……
去你丫的，凭直觉……你丫导演不知道人心是复杂的吗？什么年代了都，还玩这种非黑即白的价值观，追求能不能再多一点？
价值观你看《肖申克的救赎》，男主被冤枉杀妻，被监狱里的恶霸鸡奸，看到牢房里监狱长罪恶的嘴脸。从来没有自暴自弃，用令人难以想象的坚持，重获自由。在里面，没有什么好人和坏人，有的是利益的纠葛和人性的丑恶，还有一颗追求自由的真心。
非黑即白，只分好人坏人的价值观，毫无深度，毫无内涵
非常尬的笑点，只靠惊悚人来冲击胆小的女孩
什么鬼票房，好假，是因为里面有很多华人元素吗？
原谅我不是漫威迷，没看过几部漫威，看不到太多的亮点
男主的演技，好莱坞的特技，追车的惊险刺激
不过靠异形生物强行刺激出来的笑点，真的让人觉得很新鲜吗？
满满都是蜘蛛侠的既视感，这种一类物种，突然热爱地球，牺牲自己拯救地球的题材，不觉得特别老套吗？",1,https://movie.douban.com/review/9769567/
Venom,不好意思，没看过漫画，前因后果不知道也没看懂。不知道中国电影分级吗？这种暴力电影不应该让小孩子看吧?剧情混乱，前后矛盾毫无逻辑，变身的怪物丑陋不堪。除了汉语字幕有3D效果，其他3D无感，屏幕暗淡，是电影院的问题吗?配器声音震耳欲聋，看完头痛。影院为了追求观看效果也是拼了，还是少去为妙，否则听力受损勿谓言之不预也。又是发生在老美的旧金山，这么多年TMD还是这套路，够够的啦。多打字也不行啦，头痛，拜拜。极力不推荐，如果你是狂粉、喜欢暴力、喜欢丑陋、喜欢逻辑混乱，算我没说。,1,https://movie.douban.com/review/9769621/
Venom,本人是个科幻迷 DC 漫威的影视作品几乎全部看过 有的甚至看3遍以上 但近年来的 DC 漫威的电影是一部比一部让人失望 论特效没得说 但剧情已经被严重忽略 毫无逻辑可言 甚至可以说是脑残 就这部毒液来说我能举出好几点弱智表现 表现1 女博士带主角潜入科技公司被发现后硬要逼她说出带谁进来 有必要吗 那么先进的科技公司监控那么多 查看一下监控就知道了  表现2 男主救那个女乞丐 乱按玻璃容器的密码干嘛 难道他认为自己的运气好可以随便按几个数字就能打开？ 表现3 毒液既然这么牛逼 那么多警察的枪同时扫射都没事 街头追逐战那一幕有必要跑吗 它的弱点都还没被发现 其他的就不说了 论笑点这电影也极低 我是真不觉得哪里好笑 唯一的亮点也就是毒液的造型还是蛮酷的,1,https://movie.douban.com/review/9763861/
Venom,"首先是一整部电影除了开头就没见血，真是神奇。《头号玩家》因为是游戏世界人死了变成金币还是可以自圆其说，你这现实世界里毒液啃个脑袋地上一滴血没有?

角色方面，反派的选角问题很大，这个斯坦长相的男人，是个纯正英国人?他不仅仅有钱，还是超级天才。可是这样一个身为邪恶实验幕后主使的男人，刚一出场的时候我都以为他是给真正的反派打杂的，一个大佬给小孩子讲宏图大略?带着小孩参观自己的公司?毫无气场可言。后期这个反派更完了，一个超级天才，除了人体实验啥也不会，自己抓来的外星人，没咋玩呢就养死了两个……平时跟领班训服务员一样呵斥自己那点科学家，既然你表现不出他的智慧，那就单纯把他塑造成一个土豪不就完了?何必加上天才这个设定?前期有套西装看着还像是那么回事，后面出场连西装都不穿的时候，那一个衬衫一个外套跟个路人一样。
女主角的新男友，通情达理的老好人，帮男主角在饭店解围，给男主角检查身体，占了好大的戏份，各种铺垫，结果从核磁共振之后再也没出现过了，甚至最后男女主角坐在门框那里的时候都没现身……那你铺垫个毛啊？这不是被绿了?
女博士，彻头彻尾的弱智角色，觉得自己和反派三观不同，于是她选择去求助一个半年前失业的落魄记者?而且揭露这个企业真面目的方法居然是直勾勾带男主角进实验室?这么大企业难道会没监控吗？带男主进去搞出那么大乱子居然还敢上班?被发现了之后，被几句弱智俗套台词一劝就招供?还好这个角色死的早不然非给我气死。
再说说一些演出。
宇宙飞船出事的桥段很老套了，《普罗米修斯》《阿波罗十八号》都是这样的电影，所以这个桥段还是很吸引人的经典桥段。救护车那段像汉尼拔一样也是很经典的桥段。随后暴君大开杀戒让我对这部电影还抱有很多幻想。
追杀部队赶到男主家的那一段。毒液变个爪子就能让这帮人人头落地尸骨无存，结果毒液选择一拳一拳砸，而且一个人都没杀，自己还落荒而逃，意味不明的一个桥段，看着就很泄气。
汽车追逐战就跟毒液版马里奥一样。全程就是毒液跳，毒液转向，毒液踩蘑菇。有那功夫用自己的毒液丝拉扯那些车挡住敌人的去路，为什么不回头开无双?而且反派那些看似高端的无人机就tm是个慢速榴弹?为啥不拿真正的榴弹轰呢？追击的时候拿把枪都比这个强吧？那么多无人机一个一个送……说实话以剧情为卖点的《盗梦空间》里面的车辆追逐戏都比这个出彩的多。
毒液vs特种部队。那么大的大厅，特种部队想出的办法是在这么近的距离里丢烟雾弹和催泪瓦斯遮蔽自己人的视线?毒液变爪子变刀都能开无双的地方，结果毒液选择了金刚模式，一拳一拳的揍人，靠周边的布景砸人，靠把人抓起来甩作武器，真是煞风景倒胃口，跟《喜羊羊与灰太狼》一样弱智的桥段，本来可以很出彩的一段就这么一拳打在棉花上。而且你要是和谐你就别吃人啊？最后还是吃了个警察意味不明。
暴君千里迢迢从马来西亚赶到旧金山就是为了和那个印度人合体……我还以为暴君那一线能有点什么出彩的发展，结果就是上飞机下飞机，这跟“把大象关进冰箱要几部?”有异曲同工之妙。而且暴君来找印度人居然是为了让印度人把他塞进火箭回母星搬救兵……你可真是个小天才。
片尾毒液暴君对撕是真的算是唯一有点水平的部分了。两个外星人各显神通，又是割又是刺的，可算动了真刀真枪了。
总之整个剧情逻辑混乱漏洞百出，《惊声尖笑》这种无厘头搞笑电影的剧情逻辑都要比这部《毒液》强上百倍。2009年出品的《虐杀原形》中的任何一段CG，无论是镜头的张力还是情节所表达出的那种感觉都要完爆这部《毒液》。我是不知道这片子要请多少水军才能9.2分。",1,https://movie.douban.com/review/9757772/
Venom,其实我没看过，只是觉得中国出品方真的没有节操，在网络电视和地铁各种公共场合搞得到处都是广告招牌，我家三岁的宝宝看个动画片之前跳到这个预告片真的合适吗，上次座地铁地铁整面强都是那个乎乎的广告，宝宝看到了都不敢进去……广电总局是怎么过审的啊，分个级有这么困难么……为了挣点钱这个事情都不用考虑么。反正我是拒绝看的了,1,https://movie.douban.com/review/9757012/
Venom,"虽然国庆档过后，无论是华语商业片还是好莱坞商业片，都让大家感觉没啥看头，不少影迷在翘首期盼首个漫威反派英雄电影《毒液》的登场。但由于毒舌君前一阵在欧洲旅游，已经在西班牙巴塞罗那提前看过了这部影片，所以在这里可以遗憾地告诉大家，《毒液》是一部极度令人失望的超级英雄电影，完全不值得期待！
你想看到一个魅力全无、屌丝气质的“汤老师”汤姆·哈迪吗？你想看到一个纯粹花瓶、演技全废的米歇尔·威廉姆斯吗？你想看到一个挂着“邪恶残忍”、“暴力暗黑”的名号，实则全程话唠、自曝弱点、蠢到极点，甚至让人感觉既不恐怖也不坏的“毒液”吗？你想看到毫无逻辑、设定矛盾、平庸无聊的剧情吗？你想看到因为中国投资方的加入而导致片中出现大量莫名其妙的中国元素和中国话吗？你想在片尾看到最水最坑爹的彩蛋吗？如果你统统不想看到以上这些的话。毒舌君遗憾地告诉你，对不起，这就是《毒液》！如果你不想像毒舌君一样看完大失所望，完全可以省下这张票钱了！
当然，如果你想继续了解《毒液》是怎样一种烂法，以及毒舌君在巴塞罗那的独特观影感受，那就接着往下看吧！
由于《毒液》是索尼影业年度力推的超级英雄电影，也是秋冬档唯一打着“漫威旗号”的超级英雄电影（实际上跟漫威影业半毛钱关系都没，索尼重启的《蜘蛛侠》系列漫威是要全程深度参与的，但《毒液》只是索尼自己搞出来的，漫威并不参与），所以就毒舌君在意大利、西班牙、法国、德国一路的旅游感受来说，本片也是唯一一部在四个欧洲国家都同步在映、重点力推的好莱坞商业片，发行力度可谓是相当到位了，这恐怕也是本片目前能够全球破5亿美元的原因所在。
就毒舌君的个人观感来说，在西班牙巴塞罗那看晚上10点半场的《毒液》，门前依然排起购票长队，看来观众对这部片也是格外热情的，毕竟有漫威超级英雄的光环在，再加上同档期没有其他同级别的好莱坞大片上映，《毒液》还是显得颇为一枝独秀的！
在影院坐定，等待《毒液》开场，欧洲商业院线在影片开场前，一般都有10分钟左右的预告片和商业广告，所以你即便晚到几分钟，依然可以买票进场，不会错过正片！
等到《毒液》正式开演，片头出品公司的logo就震了毒舌君一把，居然看到了“腾讯影业”那个企鹅背影的logo，这是真·出品方无疑啊，不像有些片子只是在中国上映时，加个中国出品方的“特供片头”。
但后来发现，中国出品方给影片增加的中国元素基本没啥意思，而是让影片显得比较LOW，比较莫名其妙！就拿影片开场来说吧，飞船坠毁在菲律宾，“毒液”附身在一个菲律宾女医生身上，走到一个闹市，仿佛突然穿越到了香港，就是好莱坞电影里常见的那种土了吧唧脏乱差的香港大排档场景，到处都是中国字，周围的人也都说中国话，貌似“毒液”还用极其别扭的中国话对一个丑怪的华人老奶奶说了一句“别怕”，妈呀！这是菲律宾好不好？即便菲律宾也有唐人街，但这种中国元素的嵌入也太违和了吧！
后来，男主角汤老师在旧金山常去的便利店店主也是个华人大妈，这倒没啥，旧金山就是华人多嘛，但华人大妈跟汤老师用英文说着说着，就突然用中文蹦出“你真是笨呐”、“不跟你讲了”这些话，片中对于汤老师的设定从没有说他听得懂中文或者会说中文，所以华人大妈突然说中文这是闹得哪一出啊？如此生硬地拼贴中国元素，中国观众也不会有好感啊，只会感觉傻得冒泡！
不过，对于从头到尾都处于崩盘＋平庸的整部影片来说，以上问题都“不成问题”了，下面毒舌君还是捡影片的主要问题来说。
首先，汤老师扮演的“毒液”从角色创作到演员表演都存在严重问题，始终都找不准让“毒液”吸引观众的定位在哪里，导致毒舌君看完影片之后，不要说喜爱这个超级英雄了，甚至连基本的认同感都无法建立，堪称汤老师演艺生涯的一个大黑洞了！
在被“毒液”附体之前，汤老师扮演的知名记者埃迪·布洛克（Eddie Brock）的角色形象就让人感觉相当莫名其妙。片中有连续几个画面显示，埃迪·布洛克是那种出现在全世界政治和社会热点地区，进行现场报道的大牌记者，甚至有一档以自己名字命名的新闻节目“THE EDDIE BROCK REPORT”，电视台老总后来还把采访片中的大反派——科技大亨卡尔顿·德雷克（Carlton Drake）的任务交给了他，后来他失业后到酒吧买醉，也能被路人一眼认出是埃迪·布洛克，这些情节和细节都说明，汤老师扮演埃迪·布洛克是一个相当大牌和知名的记者了。
但是，汤老师却把这个知名记者演得充满了言行偏激、态度毛躁、神经兮兮、畏畏缩缩的纯屌丝气息，一点都没有个知名记者的样，简直像个不务正业的嬉皮士。头发好像经常不洗的样子，跟人说话总显得拿腔拿调、神态夸张、摇头晃脑，总不能因为他骑个摩托就把这一切当成潇洒不羁的表现吧！这样的角色形象说实话一点都不会让人感觉潇洒帅气，只会让人感觉滑稽怪异，大家如果将来非要去观影的话，那么请注意片中的汤老师的表情和腔调，验证一下毒舌君以上的评价对不对！
在一些具体行为方面，汤老师扮演的埃迪·布洛克也一点也没有知名记者严谨沉稳样。为了获得采访信息源居然偷看女友电脑里的邮件资料，甚至不顾采访的原定议程和电视台老板的劝告，执意要去问科技大亨一些负面问题，结果遭到电视台老板的解雇。影片对汤老师的角色塑造显然带有明显的“激进愤青”的色彩，但又从未对角色的这种独特性格做出任何解释和铺垫。片中电视台老板有句对汤老师说的台词“埃迪，当你无路可走的时候，我们接纳了你”，说明汤老师的偏激性格肯定是有前史、有来历的，但影片却并未做进一步的铺垫和说明，就导致汤老师扮演的埃迪·布洛克简直就是个“挑事儿精”，丝毫不像个知名记者，这是角色塑造上的严重问题。
汤老师扮演的埃迪·布洛克的屌丝气质，在被电视台解雇后，表现得更为强烈。本以为他这种“激进愤青”心里一定怀着多大的正义信念呢，结果被老板解雇、被女朋友甩了之后，就立刻变成一个怂包颓废男，女科学家主动找他爆出科技大亨的黑料，他一开始以一种漠不关心的态度应对。而且明明是一看起来挺壮硕的小伙子，看到有持枪匪徒打劫华人大妈的便利店，就立刻变得臊眉耷眼、畏畏缩缩，回到家面对邻居的噪音污染，也敢怒不敢言，一点都没个男人样！甚至还跑到分手女友的家门口流连徘徊，简直屌丝得不能再屌丝了。看了这样的角色，真让人怀疑米歇尔·威廉姆斯扮演的白领精英范儿女友，是如何会喜欢上汤老师这种屌丝男的，就因为他会骑摩托车吗？呵呵！
可以这么说，如此糟糕的角色，是本片在角色设计和汤老师表演上的双重失败！汤老师此前可是影迷心目中演技大神级的人物啊，也是大家开玩笑说“不要脸”都能演好戏的实力派演员。《蝙蝠侠：黑暗骑士崛起》里戴上面具、吐字不清都能让人感觉霸气无比，《敦刻尔克》里几乎全程戴着飞行面罩，依然能够让观众感受到他的勇敢与坚毅。而这回在《毒液》完全露脸了，也许是想一方面努力演出角色个性、一方面给角色增添喜感的缘故，反倒让人感觉这个角色全程神经怪异，毫无超级英雄的魅力可言。
除了汤老师扮演的角色崩盘，影片围绕超级英雄“毒液”所做的种种设定，也显得前后矛盾，毫无逻辑。而且作为第一部反派超级英雄电影，在宣传上着力营造“反派”、“暗黑”、“暴力”这些吸引眼球的关键词，但实际上即便内地引进版不删除一些画面，本片在美国的定级也才PG-13，没有达到更无顾忌的《死侍》那种标准R的刺激程度。看了本片你就会发现，“毒液”的反派气质一点也不强，也没啥惊人的恐怖、暴力和血腥的场景，所以《毒液》搞的种种宣传误导，都是挂羊头卖狗肉罢了！
毒舌君最受不了就是影片拼命想将“毒液”由“邪”扳“正”的种种做法，导致“毒液”的整个世界观设定完全扭曲，充满无法自圆其说的bug。“毒液”也从《蜘蛛侠3》里面那个恐怖而强大的外星怪物，变成了拯救地球、跟宿主汤老师和谐相处的“外星活雷锋”，看到结尾真是把毒舌君给看崩溃了！
看影片开头，“毒液”这种外星寄生体给人的印象就是嗜好杀戮，占据一个宿主躯体后能够完全控制宿主。所以，当后来“毒液”占据了汤老师的躯体后，为啥就不采取“完全控制”的策略，反而要跟汤老师和平相处？甚至要逆转自己的“嗜血”习惯，事事照顾汤老师的意愿，依照汤老师制定的啥人能吃、啥人不能吃的规则行事。剧情也没讲明白汤老师有啥特别之处，让“毒液”就看上他了，非他不可，非要寄生在他身上，换个人不行吗？
而且整部影片里“毒液”除了吃了三个人之外，基本没啥血腥暴力气息，友好得简直像个蜘蛛侠，一次在屋里面对几个杀手，一次在大厦里面对一小队特警，都是来要他命的，“毒液”也只是把人打晕或者打飞，貌似一个人都没杀。这恐怕跟大家心目中“毒液”的恐怖暴力形象大相径庭了吧！更要命的是，片中的毒液简直就是《大话西游》里的唐僧，一直在汤老师耳边叨逼叨不停，还成了汤老师的情感导师，要帮汤老师追回前女友，甚至还帮汤老师跟前女友接吻，真让人受不了啊！
看到后来才发现影片对于“毒液”有一个相当奇葩＋脑残的设定，寄生在汤老师的身上的外星寄生体，名叫“Venom”（毒液），是外星寄生体族群中的loser，所以他跟汤老师算是loser见loser，气味相投才在一起了？呵呵！影片一开始那个大开杀戒的“外星寄生体”叫Riot（暴乱），是“外星寄生体”族群中的boss，他的目的是带着“外星寄生体”族群占领地球。而“毒液”跟汤老师好了之后，就决定要对抗自己的领导，不让boss带着族人占领地球，他给出的理由是“喜欢地球，想呆在这里”，拜托！你的boss带着族人占领地球后，你不也能“呆着这里”吗？为啥非要保卫地球不可，不惜背叛族群变成“外星活雷锋”，简直毫无道理可言，太拧巴了啊！
而且“毒液”最脑残的举动是，居然自曝自己的弱点是一是害怕超声波、二是害怕超高温，就这么当着汤老师和汤老师前女友的面直接说出来了，结果就是汤老师前女友在医院直接用超声波将“毒液”驱逐出汤老师的身体，你说脑残不脑残吧！
前面说过“毒液”对于观众来说毫无超级英雄的魅力，无法让人建立认同感，主要就是因为整部影片中“毒液”和汤老师从未合二为一过，始终是两个角色，也就是说主人公与超能力之间，始终处于未能得到有效结合的尴尬状态。按照超级英雄电影的套路，主人公与超能力之间，往往都是要有一段“不应期”的，比如说《蜘蛛侠》里彼得·帕克一开始要学会如何攀爬和喷丝，比如说《钢铁侠》里托尼·史塔克一开始要学会如何驾驭自己的钢铁战甲，但这种“不应期”往往很短，主要增添一些趣味性的调剂，然后就是主人公充分驾驭超能力，行侠仗义实现正义目的。超能力同主人公的高尚人格与情操相结合，超级英雄才变得光芒四射。
可《毒液》里的汤老师，从未跟寄生在他身体里的“毒液”产生有效的融合，所以整部影片都让人感觉是“毒液”在推着汤老师走，而不是汤老师对“毒液”有着什么良好的驾驭，所以汤老师在影片中基本处于一种全程懵逼的状态，不知道自己为啥会被追杀，不知道自己面对的大boss是谁？甚至连“暴乱”要毁灭地球，“毒液”准备出手阻止这种高潮大战的关键情节，所有的相关信息都是汤老师从“毒液”那里听到的，他自己在影片中除了逃命和求生，并没有打倒恶人、拯救世界的明确目的。甚至可以这么说，汤老师从头到尾都不像一个超级英雄，寄生在他身体里的“毒液”才是，这样一个全程懵逼＋神经兮兮＋被动行事的主人公，怎么可能成为一个有魅力的超级英雄呢？
“毒液”这个超级英雄不够吸引人，还在于影片对于“毒液”在形象、动作还是特效上的打造，都没有形成足够个性化的亮点。首先“毒液”恐怖诡异的形象其实在10年前的《蜘蛛侠3》里已经作为大反派亮过相了，这次再看也没啥足够的新鲜感。其次，本片中“毒液”的某些特征也跟《终结者2》里的液态金属机器人也太像了吧！都是能够以人形出现，以诡异的姿态走路，身上的伤口可以快速愈合，肢体可以瞬间变成锋利的杀人兵器。特效动作场面也严重缺乏新鲜感和看点，这样的超级英雄形象怎么能让观众在影院里打起精神呢？
还有就是“毒液”打不坏炸不烂，肢体还能随意变形伸缩用来挡子弹、逃跑和攻击敌人，在人类面前简直就是不死之身。片中势均力敌的高潮对决只有结尾那场“毒液”跟“暴乱”的对决，其他都是“毒液”跟人类的打斗，人类的枪弹不能伤“毒液”分毫，这样一来动作戏还怎么能让观众紧张得起来？所以“毒液”明明可以把追他的杀手们全部干掉，完全没必要在旧金山大街上到处逃嘛！
而且《毒液》在制作层面也没啥大片气质，仿佛一开始就对美国市场信心不足，而把目标放在全球捞钱上，所以片中的国际化元素才如此之多，一开始飞船坠毁在菲律宾，大反派的巴基斯坦人长相，片中的华裔面孔和代表旧金山中国城的大红灯笼，讨好国际市场的用意太明显了！而且影片在制作经费上显然没砸多少钱，这方面大家在影院目测就不难看出，动作场面的火爆刺激之感极其有限，结尾两个“毒液”的特效打斗既无创意也欠精彩。唯一有看头的也就是剧情中段那场旧金山大街的追车戏了，不过刚看过暑期档《碟中谍6》阿汤哥在巴黎的追车戏，再看本片的追车戏也感觉一般般了，无非搞了不少街头爆炸，也远不如迈克尔·贝炸得刺激。总之，本片的动作戏基本没啥看头！
本片的剧情也是平庸俗套到极点，男主角十分儿戏地就被“毒液附体”获得超能力，然后就被科技大亨派来的杀手追杀，警察也莫名其妙地加入进来，只是围攻毒液，对杀手们在旧金山追车爆炸搞出的破坏都直接无视了。那个科技大亨大反派仿佛是扎克伯格＋乔布斯＋埃隆·马斯克，再加上疯子人设的合体，完全不计后果地推进“外星寄生体”的人体试验，而且极度地冷血无情，影片也没有对他这种疯狂行为给出一个合理解释，比如说公司缺钱急需成果之类，让这个大反派角色只能扁平化成一个“冷血疯子”，还总爱发表一套一套的蛊惑人心的说辞，让人越看越乏味。
影片在情节和细节上的bug其实还有很多，比如说前面一直把汤老师塑造成一个屌丝怂包男，但到后来他被科技大亨派出的杀手抓回公司之后，居然会很硬汉地用头去撞抓他的杀手，后来杀人把他带到野外去枪毙，他也会很硬汉地去夺杀手的枪，这样的角色塑造明显是前后矛盾的。
再比如汤老师在实验室被“毒液”附体之后，身体处于失调状态，甚至行为都不受控制，还表现出种种超能力行为，他的表现似乎一点都没想到自己是被“毒液”给附体了，而只是认为自己“病了”，还是汤老师前女友告诉他，他身体里有寄生体。影片为了营造汤老师被“毒液”附体之后的种种喜感效果，从而做出汤老师完全不知道自己被附体的这种设定，这实在也太不符合情理了吧！因为汤老师此前明明知道实验室在用外星寄生体进行恐怖实验，所以自己从实验室逃生之后，身体出现异常，本应第一时间就想到是被寄生体给附身了啊！
还有那个科技大亨大反派，事先也知道“毒液”的弱点是害怕超声波，但他派出杀手去追杀汤老师的时候，一点都没想到要利用超声波去制服“毒液”，这还算是个高智商的科技天才吗？
还有一直活跃在文艺片领域、较少涉足纯商业片的米歇尔·威廉姆斯，在本片中也纯粹是个花瓶，根本没啥演技发挥的空间，而且角色也出现了前后矛盾的问题。前面她就是个标准女白领＋普通小女人的形象，跟汤老师分手后也对他并不怀恋。但后来她却越来越多地主动关心起汤老师来，最后甚至还自告奋勇地要跟汤老师一起去对付大反派“暴乱”，还说“我很能打”（I can fight ugly），“毒液”不愿意带她去打她还不乐意。问题是此前的剧情从未展现她的悍女一面啊，咋就突然变得这么勇了？
哦，对了 ，最后还要重点diss一下本片的彩蛋。虽然添加各种彩蛋已经成为漫威超级英雄电影的讨好观众的标配了，《毒液》的片尾照例也有两个彩蛋，第一个彩蛋还算比较正常，好莱坞老戏骨伍迪·哈里森出场，为《毒液》的后续反派角色做铺垫。但第二个彩蛋就让人目瞪口呆了，也许你之前听过“蜘蛛侠会出现在《毒液》”这样的传闻，但没想到出现的形式居然是这样的——《蜘蛛侠》动画片！第二个彩蛋就是索尼打造的《蜘蛛侠》动画电影《蜘蛛侠：平行宇宙》的一个超长预告片，跟汤姆·霍兰德主演的真人版《蜘蛛侠》系列半毛钱关系都没！所以，在片尾给观众看跟真人电影完全无关的动画电影预告片，索尼这么为自己电影搞宣传也实在太无良了吧？（文/列文）",1,https://movie.douban.com/review/9741470/
Venom,"纵使所谓的开画成绩再高，也无法遮掩其糟糕的品质。因为工作关系，以前讨论此类电影，还会斟酌一下票房要素，如今对我来说，数字却已经越来越无甚意义了。在单纯的电影批评层面，显然更应偏向唯作品论，一切的美学意义与社会价值等均是以作品本身辐射的。而明星号召力、舆论效应、话题营销、乃至互联网评分等，都是极为次要甚至不值所虑的场外因素。当然，除了极端的烂片和已被时间证明的经典之外，绝大多数电影都是不上不下的水平，因此关于作品本身的品质，自然也是见仁见智。故本文再如何如何，终究只是一家之言。而在如今这个大众评论狂欢、喜好组队扎营的时代，对一部热片施以差评，已成为一个需要消耗极高成本的行为。
所以，《毒液》作为索尼漫威群英宇宙的第一部电影，到底够不够响亮？答案显然是否定的。
这部汇集了汤姆·哈迪，米歇尔·威廉姆斯的最新漫改电影，意料之外情理之中地扑街了。本来，今年我的观影计划中是没有它的，一方面个人期待值不是很高，另一方面是大陆迟迟不定档，因此只是抱着顺其自然的心态等待上映。
巧的是，在台湾时正好赶上《毒液》比北美提前两天上映，再加上关于电影大师和影史理论两大系列专题的筹策令我焦头烂额，所以想了想还是和亲朋一道去看场2D IMAX吧，至少可以放松一下（否则可能会选择看些大陆没有的艺术片了）。看罢之后，因为抱着不高的期待，故谈不上什么失望，然而其索然无味的程度，也并未让我得到彻底的放松。
这部电影毛病非常多。最后一个彩蛋走完后，我在网上写了个速评，自然给了低分。然后才看到外媒评分解禁，烂番茄那边分数低的都长绿毛了。接着又看到一些台湾观众的评价，也是褒贬不一。
有的人说也许是《一个明星的诞生》请水军给的差评，对此我不甚了解，不便多言。至少从自己的角度来说，《毒液》作为索尼“背水一战”的作品，基本算是失败了。当然，说本片像2015版的《神奇四侠》那样烂，当真黑得有些过分。怎么说也比《绿灯侠》强上一两个量级，属于新千年漫改电影领域的中下等素质。
关于本片的一些幕后讯息，之前都是泛泛了解的。如果这些讯息都准确可靠的话，那么如今《毒液》的负面口碑，确实应该由索尼来背锅。比如汤姆·哈迪扮演的艾迪·布洛克被毒液附身后，叙事节奏从拖拉机摇身变成法拉利，一心赶着收尾的糟糕观感，就应该是为了PG-13删掉三四十分钟戏份的原因。
还有索尼本身的电影战略。漫威的MCU风光了十年，虽然今年《无限战争》又搞了个大事件，但实际上红利期已经渐渐过了。其他公司想打造类似的电影宇宙观，几乎都落个半死不活的境地。华纳的DCEU自不必说，环球的“黑暗宇宙”差不多被《木乃伊》搞成了痴人说梦，传奇的“怪兽宇宙”也是步履蹒跚地开发着。高概念电影宇宙这块蛋糕，已经被吃的差不多了，保质期也没剩多少。
索尼手握九百多个漫威角色，却都以二三流为主。因为《超凡蜘蛛侠》系列达不到预期，如今小虫已经回归MCU了。然而索尼又不想一下子放弃漫改这块蛋糕，尤其是蜘蛛侠系列里的那些亦正亦邪的特色人物，还没上过银幕就扔了的话，着实可惜。于是他们绞尽脑汁地启动了一个“Sony's Universe of Marvel Characters（也就是索尼漫威群英宇宙，以前被人们普遍称为Sony's Marvel Cinematic Universe）”。这几乎可以看作是一个没有蜘蛛侠的蜘蛛侠配角宇宙，可见其尴尬处境。在没什么拿得出手的作品前，想必迪士尼漫威本部也不会给予多大支持。
之前曾计划将“险恶六人组”的每个人都拍一部独立电影，后来传来《毒液》的消息，然后又是汤老师倾情加盟，似乎为影片的宣传加了不少分。但是几个预告片的反响谈不上多么火爆，后来又公布分级为PG-13，让一众漫画粉丝大跌眼镜。
从结果来看，毒液与PG-13确实八字不合。主要原因，自然还是这个角色与原著风格的特殊性。他首先是一名反派，而且是极端阴暗残暴的那种，从其恐怖的造型便可窥见一二。其次，因为人气越来越高，他最终算是改邪归正了，有了自己的系列，与蜘蛛侠联手抗敌。哪怕最初几乎很少以纯粹正义的动机驱使。作为外星寄生体与地球人结合，他的精神层面所包含的东西要更复杂，不能单纯从反英雄的角度去刻画。
所以，本来大家期待能在《死侍》和《金刚狼》之后又看到一部限制级漫改电影，而且毒液这个角色拍限制级是能玩儿出不少花样的，也是非常合适的。却因为索尼保守的商业策略，终于还是大刀阔斧砍成了合家欢电影。于是，影片毫不意外地流露出一种不伦不类的调性，更像是对迪士尼的谄媚之作。
本片取材自1993年推出的《致命守护者》与1995年推出的《共生体星球》两个系列漫画。前者是头一次让毒液成了正面人物，与蜘蛛侠联合对抗共生体的后代。后者讲的是地球被一大堆外星共生体入侵，迫使蜘蛛侠与毒液、屠杀合力抵御入侵。
这两个系列我没有看全过，大概是因为年代关系，其情节设计难说多么出彩，也不像弗兰克·米勒和阿兰·摩尔那样有特别风格化的东西。然而，电影《毒液》将这个两个素材整合到一起，也只能说是改而不编，即没有开发出新的风格与味道，还丢失了原著中的精髓。实为遗憾。
影片整体的结构就是——没有结构。如果非要做形式分析的话，我们只能勉强将其切成两段：艾迪·布洛克被毒液附身之前和之后。在艾迪被附身之前，我们看到的是一场冗长、乏味、尴尬的美式爱情肥皂剧。在艾迪成为毒液后，我们得到的是一个爱讲冷笑话的外星来客，漏洞百出的情节，失心疯一般的叙事节奏，以及几场过家家似的动作戏。
事实证明，汤姆·哈迪与米歇尔·威廉姆斯完全不来电。这是两名能在各自作品中独当一面的优秀演员，到了本片里却沦落成一加一小于零的效果。从影片第一个场景，米歇尔·威廉姆斯朝汤姆·哈迪扔枕头开始，一种难以言状的隔阂与尴尬就弥漫在空气中。两个人好像各自揣着什么不可告人的秘密一样，完全不敢直视对方的眼睛。表情和肢体动作也相当僵硬，甚至台词都让人感觉是颠三倒四的。而且两人之间常常隔着能通过一辆公交车的距离，当真是相敬如宾。我不得不承认《超凡蜘蛛侠》里加菲与石头姐的对手戏要比这个不知高明到哪里去了。
造型设计也是让人摸不着头脑。米歇尔·威廉姆斯这么有气质的女演员，在《断背山》、《海边的曼彻斯特》、《金钱世界》里从未让人失望过的女演员，怎么本片里的造型就像充气娃娃一样？尤其是那对儿和汤老湿嘴唇一样粗的眉毛，实在太容易笑场了。而且这个人物的内在写的相当失败，不可避免沦为成“绿茶婊”。
另一方面，汤老师这回真是“老湿”了，印象中全程他的头发就没干过。旧金山就那么多雨吗？还是影片想表现类似赛博朋克的氛围呢？其造型对人物性格也毫无帮助，却时不时总有《勇士》、《倒带人生》甚至《疯狂麦克斯》的既视感，于是这个记者身份反而显得违和了。另外，这也是继《黑暗骑士崛起》、《疯狂麦克斯》、《敦刻尔克》等片后，汤老湿再次戴上“面具”。总之，汤老师固然沉浸于很好的表演状态，却全程没对上这部电影的状态（也可以说电影本就找不到状态）。
所谓类型电影的故事可以简单，但决不能空洞，《毒液》则犯了类型片的许多禁忌。影片可看成三条故事线，一个是汤老湿线，一个是反派查尔顿·德雷克的阴谋线，一个是暴乱环球旅行线。三条线各自已经拍得非常俗套了，几次交汇又显得非常敷衍。一切的情节推动都是最简单的那种因果链，像小学生作文写不下去就拍下大腿一样。
艾迪·布洛克与安妮的感情戏已经全面垮塌了，而在事业方面，影片也没有讲述的多么好。因为采访德雷克遭辞职，这条线基本就停止发展了，展现了大量艾迪落魄生活的段落，却并未衬托出什么人物塑造和情节转合。我能明显感觉到在反派女博士良心发现之前，编剧已经对这条线没有任何想法，什么东西都讲不出来了。而当女博士找到艾迪时，剧本居然还要设置一个老套的拒绝桥段，然后没有任何过渡或反应场景，马上让艾迪强行受一番刺激（看到女友投入了新的恋情），于是顺利成章接受了女博士的请求。如此过时的情节设计犹如博物馆里的文物。
作为共生体，毒液也有自己的情感和意识，这本来是可以大作文章的地方。不同于山姆·雷米《蜘蛛侠3》本就有性格缺陷的记者，汤老湿的艾迪三观较正，正义感强，不向金钱与威权低头（所以前期宣传中“本片没有一个好人”的说辞，纯是欺诈消费者）。而众所周知的，毒液又是极其残忍，毫无人类道德感的生物。二者不同意识形态的交锋，本应是一大看点，那种宿主与寄生体的思想对抗和征服与反吞噬的挣扎，该是相当迷人的。
可电影丝毫没有这方面的企图。许是这种描绘对导演编剧来说太难了吧，也不排除商业方面的考虑。无论如何，当毒液附身在艾迪身上后，影片立刻变成了一出山寨版的《寄生兽》。《寄生兽》当然是很优秀的漫画，电影版第一部也还不错，但山寨版又能好到哪里去？即使泉新一和小右都有非常精微的心理转变刻画。反观艾迪和毒液从对抗到妥协再到和解的过程，生动性远不及其万一。
影片几乎只用了一个高档餐厅里恶搞喜剧式的段落去展现毒液与艾迪的冲突，尔后只消毒液一句甜腻的“我喜欢你”……好吧，再加一句“你我都是屌丝”，就试图解释掉所有的问题，并且更让它变成了一个情感顾问和人生导师。按理说，共生是特别容易出彩的一种角色关系，虽为宿主却很被动，虽为寄生体却很强势。毒液与艾迪这对儿也一样，从主体角度来说，应该遵循一种困惑-恐惧-屈服-对抗-妥协/和解/逃脱/反征服的过程。其中包含着数十个可以激发内在矛盾与情感代入的点。可是本片将冲突仅局限于困惑到恐惧这两个浅层面，然后就直接让艾迪与毒液义结金兰了。实在是过于鸡肋无聊。
类似本片这种烂俗的性格塑造与人物关系处理值得我们警惕——试想如果好莱坞把所有超级英雄都写成嘴炮党、耍宝侠这一个德行还能大受欢迎时，未来可能所有的多元化角色书写便失去了意义，甚至类型电影整体都将面临统一极权式创作的危机。
空洞乏味的角色与弱智的情节设计，不仅毁了汤老湿和米歇尔等优秀演员，还毁掉了三十多年来无数漫画家和编剧苦心经营的毒液形象。鲁本·弗雷斯彻是个对大预算制作与剧本掌控力不足的平庸导演，调度能力也不行。这次其实在视听上反而还有点超常发挥的意思。所以抛开千疮百孔的文本层面而言，影片在某些段落的影像构建值得称道。
在暴乱环球旅行的这条线上，靠着光线与色彩，氛围烘的还不错，尤其是女警察被寄生之后的一小段影像风格，明显承袭鲁本自己的《丧尸乐园》。但是桥段都在无数恐怖片和灾难片里司空见惯了，也难以给人悬念或紧张之感。毒液在大楼里与众警察对抗的情节，烟雾用的还算出色，运镜也比较到位，于是又呈现出一些怪兽电影的质感。但是在那些小清新式谈情说爱的场景里，剪辑与调度都出了不少的问题。
最后毒液与暴乱的“胶水大乱斗”，在视觉上还是能看出有想法的。包括造型与动作设计，比之前的几场不痛不痒的动作戏好得多。许多观众觉得两个怪物的颜色太过接近，又是夜戏，不容易分清敌我。不过我倒觉得没有这个问题，反而是最后双方张牙舞爪的定格造型，CG做的相当糟糕，简直落到国产页游水平，直接破功了。
本片还有些植入广告，比如索尼自家的PS4，以及腾讯QQ，不过都比较克制，难对观感造成严重的负面影响。两个彩蛋，第一个还不错，给续集铺垫，主要是演员让人惊喜，应该是与导演的第二次合作，表演风格仿佛重现了“天生杀人狂”。单这一段，就碾压了正片里的那位毫无存在感、眼神过于无辜的智商（智障）型反派。第二个与SUMC和毒液都没多大关系，是动画版《蜘蛛侠：多元宇宙》的贴片广告，恶搞了山姆·雷米《蜘蛛侠2》的列车段落。
影片整体缺陷太多，亮点太少。我个人觉得如果有打折票或免费观影的机会，还是可以一看的。当然，汤老湿粉丝应该去捧场，因为他不仅全程湿漉漉的，更是在片中发挥了演艺生涯几乎全部的喜剧潜力。",2,https://movie.douban.com/review/9687698/
Venom,"十几年前还在读小学，蜘蛛侠3里的毒液和黑蜘蛛在刚上映那时都是每日上学必讨论的话题，黑蜘蛛和沙人究竟谁厉害根本争不出结论。虽然最后追了蝙蝠侠漫画，但蜘蛛侠才让我产生过对超级英雄的憧憬，我对蜘蛛侠的相关电影也十分关注，Uncle Ben那一句责任越大，能力越大在我看来就是老三部曲的灵魂之句。可能托比版太经典，我们那一代最先接触到的超英也只有他（超人因为太强大了有疏离感），之后超凡和MCU的蜘蛛侠虽然比较贴近漫画设定，但看完就是没感觉，甚至是很厌恶。明知道漫画里面的蜘蛛侠爱耍嘴皮子，但就是不喜欢。看到一些新粉嘲讽托比版天天苦大仇深的样子，就更没好感。
十几年前让我们着迷的反派回归荧幕自然很期待，再加上汤老湿主演，感觉这部片肯定会很惊艳。最开始的预告片印证我的想法，虽然毒液没现身，但整部片是往惊悚片方向走。但后来出的几段预告片越看越觉得不对劲，怎么这个毒液开始了我们熟悉的幽默笑话？上映前不久宣布这部电影是PG13，汤老湿也发言他最喜欢的四十分钟戏被删了，我就觉得废了，这又是一部被MCU同化的合家欢电影。就像正义联盟一样。其实近几年，MCU电影惯用的伎俩在许多热门电影都能发现，甚至有种把电影市场方向带歪的感觉。以前的电影角色之间没有那么多不必要的尬聊互动，或是讲笑话，甚至根本就没有！以前电影中父母跟小孩对话非常自然，而现在的却有一种做作的家庭温馨感，仿佛专门做给观众看：你们看，我们是多么温馨的家庭！父母与子女之间的对话多么有趣。这才是合家欢该有的样子！像蚁人2里面，那种塑料味十足的家庭戏我真的感到恶心。
说回这部电影，由于提前降低期待值，看完之后也没觉得像Metascore说的那么糟，摩托车追逐戏让我们看到了毒液战斗特有的功能，相反最终打戏十分缭乱，cg感很重，像一堆胶水油漆飞来飞去。不是什么值得赞许的作品。它不是我们想看的毒液，它甚至不是当年那个阴暗凶暴的反派，而是一个关心宿主，喜欢和他频繁互动，并且热爱地球的超级英雄。看汤老湿被附体后那么痛苦还以为会和毒液进行一番意志精神上的搏斗，结果没有。就像网上评论的那样，它的大眼睛和尖牙这么一看还显得有点萌，已然是新一代萌宠。已经有了银河护卫队一大帮嘴炮，接着蜘蛛侠，蚁人，再来雷神还有死侍，更不要提刚学会尬聊的正义联盟（尾灯塑造的闪电侠是我见过最尬的角色，超过了MCU）我就纳闷怎么嘴炮的市场还不够饱和非要连毒液也加进去？连一个酷点残暴点的反英雄角色都不给我们留下吗？想看他将来手撕话痨小虫的就洗洗睡吧，这是一个强化版的巨型黑蜘蛛侠，并且富有莫名的正义感，专门吃坏人。片中反派在预告片中表现得比正片帅多了，言行间一股为人类进化大业着想的霸道总裁范儿，然而到了正片里面他的理由就十分中二脑残。其中有些地方转折强硬，缺乏说服力，比如毒液选择汤老湿的理由，毒液拯救地球的理由让很多人不能信服。不知道是否听漏了些什么，我也不明白片尾汤老湿背了几十条警察的人命在身，警方为什么没有继续缉拿他，而是当没事发生过一样，放任他逍遥自在地当他的正义记者去了。",2,https://movie.douban.com/review/9693434/
Venom,"毒液，2.5分

故事情节相对无聊，算是低配版《寄生兽》。动作场景特效好评，对这部电影感兴趣的可以快进一下只看打斗的部分，2.5分全给特效。

简单总结，

屌丝被外星生物附体得到超能力，外星生物大哥计划大举进攻地球的时候，附体在屌丝身上的外星生物莫名其妙反水，给出的理由它自己在外星也是屌丝，它不想让牛逼人过来，愿意自己留在这里当大爷，然后把大哥干掉了的故事

总之情节磨磨唧唧毫无新意，同样也没《寄生兽》的深度，单给情节打分的话属于【差】",2,https://movie.douban.com/review/9697943/
Venom,本人第一次写影评，就是个外行，文戏功底也不好，只说直观感受。总体感觉：特效合格，故事俗套，且剧情破碎，过渡生硬。说几个剧情槽点：1、影片一开始花了较长篇幅在介绍人类与共生体的完美结合有多难，一次次的失败，但在男主角与共生体偶然完美结合后，在一开始就与女警察、小女孩完美结合的共生体“暴乱”又与德雷克毫无征兆，你情我愿的完美结合，并且后面毒液又与女主完美结合，完全是东一榔头西一棒槌的剧情，生硬；2、德雷克坏，为什么坏，他说地球已不适合人类生存，甚至不惜去毁灭人类，没有任何铺垫，生硬；3、毒液为啥要背叛它的同类，爱上地球，执着于保护保护人类地球，亦几乎没有铺垫，生硬。。。总之看过后的感觉就是除了男主角外，每一个角色的转变很让人不理解，只是为了剧情设计去行为。。。差评！,2,https://movie.douban.com/review/9778013/
Venom,"作为一部爆米花电影，《毒液》还是合格的——影片虽然没有很精彩，但依然可以拿来消磨时光。然而，这样的一个特点鲜明的反英雄（暗黑英雄）被拍成just so-so的水准，实在可惜。

先来说说片子的优点。
别看Venom长相很惊悚，其实在影片里是个逗比（或loser，它自己说的）。这种颠覆形象的设计有利有弊。利就是：观众看着开心。还真别说，片子里笑点的数量与质量都还行，没有想象中那么差劲。弊端留到后面说。
第二个优点是Tom Hardy的演技。片子开始后有约半小时的文戏（穿插几分钟外形怪物虐人类的场景），详细地讲述了Eddie的社会关系并体现人物性格。靠着Tom Hardy的表演，Eddie吊儿郎当但善良而有正义感的形象立了起来（尤其是吊儿郎当）。Eddie与Venom合体后的一段戏，Hardy又把Venom的逗比融合进了自己的表演。总之，Tom Hardy的表演为影片效果增色不少。
第三是Venom在Eddie家中大显身手暴揍反派特工的场面。这场戏的调度确实不错，力度够大，张力十足，让人一度以为外国影评人是在胡扯。

可惜，影片后半段很让人失望。接下来就说一说缺点。

首先，这部片子剧情的逻辑存在一个极大漏洞——Venom到底为何帮助人类。

要知道，Venom和反派Riot（最后同Drake合体的寄生物）原本同属一个阵营——Symbion，也就是那些外星寄生体。它们的目的都是通过寄生人类占领地球并等待更多其他同类的到来。然而最后当Riot要驾驶火箭去接那些同类时，Venom却突然跳反，阻止了它的boss Riot。阻止的过程也成了影片的高潮。如果前期剧情的一些小问题还可以勉强蒙混过关，那这个漏洞，一个连接影片发展期与高潮的关键触发点，完全没有解释清楚。唯一试图解释Venom转换阵营的是它（他）爬上高楼时感叹的一句类似“原来你们的世界也很美”的话。当然，编剧一定也意识到了这个大问题，所以在Venom奔向火箭发射场时设置了Eddie与Venom的对话。Eddie问Venom为何帮助人类，Venom回答“Because of you, Eddie. Because of you.” 但显然，Venom的转变不是这样一句含糊的估计连编剧都不知道其中意味的话可以解释得清的。
第二个缺点，也是上文提到颠覆形象后的弊端。Venom原本应该是黑暗的反派形象。将它洗白（这点恐怕不可避免——人类观众可不会享受宣扬外星生物肆意屠杀自己的同类并取得胜利的电影）已经相当困难，影片还要把它设计的“和蔼可亲”，最终只能导致上文提到的逻辑漏洞。而且，这种颠覆还导致Venom和那些正面的超级英雄区别甚微（可能仅有的区别就是Venom偶尔会吃人头，还是坏人的头），完全失去了“暗黑英雄”这个角色定位应有的特质。

实际上，如果编剧按照Venom原本的形象写也不是死路一条。Venom完全可以帮助人类阻止Riot，但可以设计为这种帮助完全是出于自己对Riot的嫉妒、为证明自己的实力、为私自同人类达成某些利益交换而牺牲族群利益等等原因。这样Venom还是那个邪恶黑暗的反派，而其所作所为又是在帮助人类，也达到了洗白的目的。
第三点，影片的镜头调度与场面设计欠佳，尤其是涉及到动作及惊悚场面时。造成这一点的原因，个人认为极有可能是影片定位由R级改为PG-13级后一些重口味镜头的删减。看电影时，尤其是在动作场面中，可以明显可感觉到一些角色间（Venom与对方）发生肢体接触的镜头被间接体现动作接触的快剪刻意规避掉了，比如几个Venom咬下对方脑袋的镜头。这些镜头的的删减，导致动作场面的精彩程度大减。

同时，尽管我们可以在一些场景里看到少许惊悚元素，但它们体现方式不算明智，因此并不吓人。例如，Eddie进入实验室的那段戏。本来可以通过Eddie靠近玻璃门然后让被寄生者突然扑到玻璃前等惊悚设计、昏暗的代表邪恶的绿光或带有警示和危险意味的红光或遮挡视线造成未知的恐惧氛围的烟雾等环境要素、增强代入感的Eddie的第一人称视角等等方式增强惊悚氛围，然而导演选择让Eddie远离玻璃，让摄影机站在客观视角拍摄Eddie被寄生者扑倒等。无疑，这种设计让影片黑暗惊悚的程度降低不少。
第四点，个人感觉片子的特效并不合格。影片第一个镜头是飞船在太空中飞行的长镜头。但画面里的飞船好像没有打磨过，完全没有金属质感，而背景里的太空也让人感觉像是在看动画片。还有，影片开场后不久有一处救护车高速翻滚的场景——可以明显感觉到救护车的运动不自然。再者就是Riot的特效。不知道是不是由于灰色的问题，Riot的粘液态特效感明显。问题更大的是它的武器，尤其是那个在预告片里就把观众尴尬死的两把大镰刀——它们的特效感都太过明显。相比前面这些，Venom的特效还算合格，尽管由于分级限制缺少了粘液应有的粘稠感。

第五点，人物设置及冲突设置不合理。片子中最主要的就是正派Eddie（Venom）和反派Drake（Riot）的正邪冲突。按照戏剧的一般规律，正反两派应当多次交手（起码两次）。然而，Venom和Riot的交锋只有高潮阶段的一次。在此之前，Riot一直是以一条副线存在的——观众甚至不知道它的名字。这样的设置导致前期铺垫不足，使影片的高潮有点莫名其妙。除了这两个主要人物的冲突设置欠妥，片中女主Anne、女主新男友Patrick以及男主（女主旧爱）Eddie的三角关系也没有利用好（本来这种极其微妙的情感关系可以设计出很多精彩的戏份）。同时，Anne在全片作用很不明显，只是简单推动了一两处情节的发展（原本作为女主，Anne应该对Eddie有更重要的意义，不应该仅仅停留在推动情节发展这样小人物的定位上）。

对于《毒液》，寄予稍高期待的观众很可能会感到失望。当然，在大部分漫威电影娱乐至死的风格下，这样一部相对回归传统的超级英雄电影倒是显得有些新鲜。影片还作了一个不错的尝试：它试图将反派动机与目前全球人口增速过快及环境污染严重等现实问题挂钩（尽管不怎么成功）。这一点倒是比《蚁人2》、《雷神3》等纯娱乐电影更进一步。然而，不管怎样，影片的许多严重问题盖过了它屈指可数的几个优点。作为漫威首部暗黑英雄电影，《毒液》终究还是归于中下流的水平，并未让观众感到惊喜。",2,https://movie.douban.com/review/9694645/
Venom,"汤姆·哈迪早前已经透露，他已经和索尼哥伦比亚影业一口气签了三部《毒液》电影的合约，并说，“在这件事上我愿意做任何事情。”
这个消息至少释放了两个信号，第一是汤老师对将在10月5日北美上映的《毒液：致命守护者》电影品质非常有信心，第二则是索尼打从一开始就打算把《毒液》做成一个系列，甚至是全新的电影宇宙。
经过一顿操作猛如虎之后，索尼正式宣布，《毒液》所属的电影宇宙，命名为“Sony's Universe of Marvel Characters”，简称“SUMC”，我们暂时简称为“索尼漫威宇宙”。这是继漫威电影宇宙（MCU）、DC拓展宇宙（DCEU），环球暗黑宇宙（DU）、传奇怪兽电影宇宙（MMU）之后的又一个好莱坞电影宇宙世界观。
只是，无论是DC宇宙还是怪兽宇宙，建立起来的成效都远不如MCU。吸取了华纳、环球、传奇影业，以及自己的“超凡蜘蛛侠宇宙”的经验教训后，索尼似乎已经知道建立宇宙的首要秘诀——开山之作一定要成功。
MCU有《钢铁侠》的成功才能顺利打开局面，反观DCEU《超人：钢铁之躯》、DU《木乃伊》、MMU《哥斯拉》都反响平平，自然很难为整个系列吸粉。于是《毒液》的品质如何，将一定程度上决定SUMC的发展，包括后期与蜘蛛侠联动的可能性。
为了能让毒液这位英雄摆脱老版《蜘蛛侠3》的坏蛋形象，索尼花大力气找来了超人气偶像兼实力派演员汤姆·哈迪担任主角。要知道，汤老师被狼叔“钦点”为接班人之后，又被老邦德布鲁斯南“钦点”为007接班人，还有已经确定的新《疯狂的麦克斯》三部曲...能将如此抢手的演员纳入麾下，索尼已经为电影的成功打下扎实的基础。
有了汤老师坐镇，索尼接着一口气拿下米歇尔·威廉姆斯和伍迪·哈里森两位大咖。米歇尔·威廉姆斯近年有《海边的曼彻斯特》、《马戏之王》等口碑之作，远一点有《禁闭岛》、《断背山》这样的经典，曾两次提名奥斯卡影后，两次提名最佳女配，《毒液》中她将饰演汤老师的爱人。
两次提名最佳男配的伍迪·哈里森宣传中未见到他的身影，似乎他只会以客串演员身份出现。此前有传闻他将出演大反派“屠杀”一角，倘若他真的现身，不出意外他将会是电影中的大彩蛋，是引出续集电影的关键。或许会是类似德普叔在《神奇动物》系列的情况。
有优秀演员是绝对不够的，好演员演扑街戏的例子并不少见，《毒液》还需要酝酿一个好故事。编剧方面，索尼找来了《勇敢者游戏：决战丛林》的两位编剧，《五十度灰》凯莉·马塞尔，以及DC《海王》编剧威尔·比尔，故事取材自同名漫画《毒液:致命守护者》，爆米花味道较重。
漫画故事中，“毒液”Eddie Brock被蜘蛛侠劝说停止犯罪，他搬到旧金山开始新生活。因为蜘蛛侠已经被拿去和漫画合作，所以《毒液》原则上不能再出现蜘蛛侠。于是电影中Eddie Brock的设定需要做些调整，汤老师将会是一个勇敢探寻真相的正义记者，有片段曝出他搬到旧金山的原因是为了米歇尔·威廉姆斯饰演的Anne Weying。
然后和漫画情节类似，Eddie Brock与生命基金会产生纠葛。与漫画不同的是，Eddie Brock应该是机缘巧合之下得知生命基金会在做残酷的人体实验，于是主动前往调查。
又是机缘巧合之下，Eddie Brock被外星寄生体附身，获得恐怖的力量、速度，以及自愈能力。与《钢铁侠》、《钢铁之躯》一样，SUMC的开山之作，同样是一部起源电影。
预告毫不吝啬的展示了毒液的设定和能力，Eddie Brock需要学习和掌控能力的同时，还要与毒液本体展开思想搏斗。
成功与共生体融合之后，他便要与反派进行战斗。漫画迷大概已经知道，电影一定还会带出除了黑色毒液之外的共生体，伍迪·哈里森可能饰演的红色“屠杀”会是其中一种，预告里的亚裔演员米歇尔·李有可能是黄色“嚎叫”或者紫色“极端”。
生命基金会的领导人Dr. Carlton Drake由里兹·阿迈德饰演，目测他将会是这部起源电影的终极大魔王银色“暴乱”，预告里展示了他的双斧头之余，还有与毒液Eddie Brock的疑似终极大战。
出乎许多人意料的是，最初定为R级的《毒液》最终被分为PG-13级。这可能意味着电影中不会呈现毒液活人生吃的血腥过程，索尼在最终剪辑的时候肯定是有过考虑的，有意收紧尺度是为了以后更方面地与其他SUMC电影联动。索尼方面否认是有意为之，并不完全可信。
目前，杰瑞德·莱托有望主演的《吸血鬼莫比亚斯》，以及《银貂与黑猫》已经在开展当中，《蛛丝》、《守夜神》等项目也有消息传出。而今年12月上映的动画电影《蜘蛛侠：平行宇宙》则不属于SUMC。
吸血鬼莫比亚斯和毒液一样是蜘蛛侠的宿敌之一，莱托少爷的气质也很符合吸血鬼的高贵邪魅，也许他能为这个角色带来一些人气。
银貂和黑猫则与蜘蛛侠相爱相杀，暧昧不清的两个女英雄角色。本来《超凡蜘蛛侠2》中有暗藏“黑猫”菲丽西亚的伏笔，演员正是《星球大战外传：侠盗一号》的女主角菲丽希缇·琼斯，可惜没有系列已经没有第三部，不知索尼会不会找回这位女演员来饰演黑猫。
银貂对于多数人比较陌生，电影中从未有现身的痕迹。不过这个角色在最近大热的游戏《漫威蜘蛛侠》中霸气登场，她率领着自己的银貂部队来到纽约执行人物，给小蜘蛛带来了相当大的麻烦，其中有一幕飞踹小蜘蛛，非常亮眼。有PS4的朋友，真的可以尝试这款电影感十足的漫威游戏。
传说中索尼拥有900个漫威角色，虽然都不出名，但如果能像《银河护卫队》一样成功塑造这些二线英雄，复制MCU的成功不是没有可能。
而自从与漫威展开合作之后，索尼索性是向漫威拜师学艺，哥伦比亚影业总裁桑福德·帕尼奇在接受采访时大方表示，MCU老大凯文·费奇的参与十分重要。
虽然漫威方面一直很“抵触”《毒液》和MCU强行联系，但谁都清楚，没有小蜘蛛的毒液、银貂与黑猫是怎么都不完美的，因此关于现任蜘蛛侠荷兰弟客串《毒液》的传闻才接连不断。索尼方面示好漫威，为的就是未来能将自己的SUMC和MCU进行联动，到时候票房肯定是比自己单做要强得多。
试想《复联4》如果能打开“平行宇宙”的概念，两个宇宙要是真的有机会排除万难进行联动，结合凯文·费奇已经接手X战警角色的消息，所有漫威的超级英雄同框的梦想或许真的可以在不远的未来实现，X战警、神奇四侠、复仇者联盟、险恶六人组等等的所有超英将会聚集在同一个世界...
当然一切都要建立在《毒液》电影的成功基础之上，如果口碑票房双丰收，一切皆有可能；如果票房成功口碑扑街，三部曲硬着头皮也得拍完再说。
由此看来，《毒液》已经不仅仅是一部电影，还是索尼哥伦比亚影业的复兴希望。只要本片取得成功，便会引领出一个“索尼漫威宇宙”，超级英雄遍地开花的年代，还会持续一段很长的时间。",2,https://movie.douban.com/review/9678511/
Venom,"《毒液》是一部典型的科幻惊悚电影，尽管主题陈旧，故事老套，但它却集合了外星生命类科幻电影的诸多元素：一个功成名就的明星企业家，却在私底下妄图将外星生命引入地球，从而达到毁灭人类的狂妄野心。一种无规则形状的外星粘稠液态生命体，可以通过和地球宿主的结合隐藏身份，进而在世界各地制造血腥惨案。这种外星生命亦有好坏之分，类似《变形金刚》系列中的博派和狂派以及《终结者》系列中的正反派机器人。这种故事当然永远也少不了一位和野心家做斗争，揭露其阴谋诡计的平民良善人士以及一个最终迷途知返，弃暗投明的良心研究员或科学家。尽管见多识广的现代电影观众早已对这些套路化元素见怪不怪，但是《毒液》仍然在这些常规设定之外做出了新鲜尝试。

由汤姆·哈迪饰演的调查记者埃迪是一位充满魅力的角色，尽管同样拥有正义和良知，但他却并不是一位典型的超级英雄，至少他和相貌堂堂，一身正气的美国队长大相径庭。被毒液附体后的埃迪摇身一变为具有超能力，但是却海吃海喝，胡子拉碴，并且在公共场合当众出丑的滑稽人物。这个人物的滑稽搞笑倒让他很接地气，成为漫威电影宇宙中的特殊存在。而毒液自身的夸张造型也与埃迪相得益彰，它与埃迪之间如同好基友般的吵闹斗嘴也成为影片重要看点，带来一股反英雄的轻松色调。

然而，除此之外，电影就乏善可陈了。爱情戏份让人尴尬无比，汤姆·哈迪和米歇尔·威廉姆斯之间完全没有任何化学反应，吻戏也因此沦为一种“为赋新词强说愁”式的空洞摆设。两场打斗场面也让人睡意沉沉，旧金山街头追逐戏中规中矩，正反派最后的对决也鲜有亮点，让人看过即忘，留不下印象。

由此观之，电影《毒液》的全部亮点就完全集中在埃迪的角色魅力以及他与毒液之间的耍贫斗嘴上，相信这两点将会在续集电影中大放异彩。但是，只凭这两点无法支撑起一部续集电影，因为观众已经在第一部充分领略了他们的风采。没有任何新鲜元素的回炉再造将遭到观众的无情惩罚，所以续作的制作团队必须想方设法在反派人设和打斗场面上再多下些功夫，如此才能对得起那些买票捧场的观众朋友。",2,https://movie.douban.com/review/15492711/
Venom,"毒液北美上映的第一天，我和基友晚上10点百无聊赖，正浏览着steam的热门游戏，突然我提议咱把Venom看了吧，基友热切地看着我，两双革命友谊的大手激动地握紧了拳头，走！
到了AMC，我们去的还是那种能点酒点肉的，很惊奇地发现竟然还有票，我还点了一杯绿色的Venom特调，一个用骷髅头杯子调的绿色cocktail，事实证明，它的味道，正如电影内容一样，都是Venom！
两星里一星是给哈迪，没办法谁让您帮剃刀党了呢… 烂番茄现在的新鲜度也就30，imdb之前被刷起来的，我就不懂了，这么一部之前就版权 内容 剪辑 风波不断，已经基本提前宣告这是赶鸭子上架的一部烂片。但没想到竟然在国内爆了？？？我估计制片人 导演和演员都是懵B的，版权问题 删剧情 拼出一烂片还火了，这还真难复制啊！
下面聊该片，
特效 没啥特效，相比于钢铁侠，妇联啥的 毒液的特效就是一团浆糊变个大嘴和最普通的动作片特效，失败。
剧情，一团浆糊。原本人设是一个极恶之人的暴徒要帮地球人灭自己族人，原因竟是他在同族里面混的不好……wtf？最后还受到了一个loser和美丽地球的感化，变成了宠物小精灵，就决定是你了！毒液！使用啃咬，咬那个劫匪！想想都中二。
原本期望tom hardy黑化和被感悟的内心斗争戏，与毒液的勾心斗角戏，最后压制毒液达成某种协定的美国黑色幽默式戏码，变成了小情侣吵架。哼 好讨厌你啊，把你交给医生叔叔，哼 抛弃我是吧 我搞你前女友～……反正就是莫名其妙，这对小情侣就甜的不行四处撒狗粮，从头至尾不就是tom hardy帮毒液吃了点生鱼片吗，怎么就转性了？怎么就爱上了？我国产雷剧都不服气！
还有就是那个印度小哥，您到底想干嘛？谁能告诉我他想干嘛？还有就是毒液不是弟中弟吗，我看也挺能打啊，怎么回事？还有就是毒液竟然为tom hardy牺牲，导演，神剧看多了？还有就是………不说了
总之，剧情，失败中的失败。
唯一的亮点应该就是tom hardy的演技了，小人物那种颓丧演的十分到位，吃鸡骨头吐那段十分敬业，搞得我差点也吐了半杯venom特调。
毒液的形象不同于传统超级英雄，亦正亦邪而且够霸气，的确是很讨喜，但是至于这部片子的爆火，我觉得很大程度还得归功于中国票仓。实话，当时我在美国看完星际穿越之后，很多老外都泪眼婆娑地鼓起了掌。而毒液，许多人都是 我是谁 我在哪 我干了什么，懵B的表情。确实是不好。
现在中国票仓是全世界第一大仓，可好莱坞买单吗？看看所有商业大片里的中国元素走心吗？给你一秒镜头，够全国人民讨论半小时的，这是尊重吗？
而不尊重的背后 根本原因就是我做什么你吃什么，吃得还挺香，那我凭什么给你好好做？
中国电影票房在全世界越来越举足轻重是件好事，不过跟风和吹爆现在过于严重。我理解国内压力大，大伙儿接触到这种刺激的东西比较少，反正一通打嘛 看完也就舒心了。但是好不好，该不该动不动吹爆，我觉得真的应该多看看影评之类的，花2小时看一电影，十分钟看个影评 不过分吧。看完之后真的会受益匪浅。
有钱是好事，但花了钱还被当大傻子，不就是赔了夫人又折兵吗？",2,https://movie.douban.com/review/10012593/
Venom,"前面剧情简直无语 做事情没有脑子的男主一系列傻X操作 然后到了这个画面 顿时原谅了前面所有的剧情.. 神特么QQ Chats
P图水品也是绝了 要是不知道这是啥的人估计真信了 是的 全世界都在用QQ
原谅我目前只看到这里 就着急忙慌地来打2分（好久没登豆瓣了 还费劲吧啦重新登录了下）
会继续看 如果后面有改观 我再回来改分数",2,https://movie.douban.com/review/14803263/
Venom,"真的是很难有一部电影这么令我尴尬...最近集中看一些科幻，想着超英有时候也算科幻类型，而且包括毒液在内都挺有名的。看完之后就是一个大写的呆住。（请告诉我是超英都这样吗？）这么多可以深挖的有趣的点，全部略过，选择了讲一个最最最简单和没有逻辑的温馨小故事...“外星生物在内讧中凭借主角光环赢了后和地球卢瑟过上了吃吃喝喝快乐就好的卢瑟生活”
说一下我觉得本可以深挖的有意思的点，例如：
科技巨头的航天梦想被简化成“为了人类太空移民做准备，可以牺牲少数。”伟大之处全凭嘴炮，恶毒之处又没有真实的“险恶用心”来支撑，小哥人设实在弱爆了。这也就罢了，后期被外星大哥大附身后怎么又心悦诚服了？？过程呢？你不搞移民了？？我觉得“科技巨头的商业帝国扩张及背后意图”都算得上一个老梗了，这部片想沾，但基本没有沾。
外星生物和人的共生体：两种力量、意识、形态，甚至两种文明／社会如何平衡？是否可以预见到新物种甚至新文明的产生？（其实我怀疑异形会讨论类似的话题，但是我太胆小至今没有看过异形，sorry）根据电影设定，外星生物一方如同逃离家园的三体人，他们才是有所求的一方，而且他们不能长期独立在地球环境存在，对宿主的要求严格到基本等于中彩票，除了寄生后力大无穷变形能力比较强，没有什么优势哇？！人类（以及蟑螂）在长期的进化史中早就无数次证明不靠身体力量也能成为食物链顶端生物，毒液所处的外星种群文明阶段实在堪忧。
被寄生后的意识读取和伪装，也是个有趣的点，可以塑造成“我们中间出了一个叛徒（但我们不知道是谁）（实际上还不止一个叛徒）（那我自己呢我怎么知道我自己是不是那个叛徒）”等等故事线...哇，动脑的剧情才刺激嘛！
所以说，个人认为，毒液这个片子太薄弱太幼稚了，动脑的部分全部略过，能动手绝不动脑。各种飙车、搏斗、最后俩弱鸡人类还稍微近身肉搏了一下，仅此而已，不要说审美疲劳，披着毒液的皮甚至不敢说有审美。
我真的被它的无聊震撼了。",2,https://movie.douban.com/review/14603815/
Venom,"剧情一如既往老套，带着逻辑狗屁不通的老问题：
男主身为记者愣头青没职业素养是个报社都得炒鱿鱼
女友分手唐突无聊，人家有男友了任意骚扰还要复合，出了事情敌和女友一起擦屁股
反派一天到晚大义凛然为了人类福祉结果根本不关心底层人民死活精英阶层典型双标人
研究院药物临床试验死了那么多屁话没吭等外星人做流浪汉实验就破口大骂一脸正义，合着zzzq是吧？
毒液为了一个认识不到一星期的人类直接背叛种族，而原因竟然是原来种族自己是个loser现在想鹤立鸡群体验一把，完全不管自己种族要垮掉的事实，难怪BOSS恨铁不成钢直接下杀手。
男主对杀人的态度也是，好人不杀坏人随便，你是法律本身吗？能私自审判他人？
完全不理解男主和毒液怎么有那么深厚的情感的？作为反面角色毒液的确有可爱的一面，但相处几天啊？其中80%的时间毒液对男主完全是个寄生虫大麻烦，就硬煽情硬感动是吧？换我是男主看对方消失早松了口气可把这大爷搞走了。
还有说地球就一年要毁灭了反派才去寻找新的星球，依靠外星人寄生也是为了挽救人类。行那根本问题地球毁灭解决了吗？没有，当没听见了，主角搞掉反派一切over了，合着人家搞寄生好歹人类还能活几个，这波直接地球团灭是吧？
总结一下：
特效一星，看的爽一星，男主演技到位，但剧情和逻辑实在拉胯。当个爽片凑合看吧",2,https://movie.douban.com/review/14325515/
Venom,"在成人爽片童话这一块儿美帝还是拿捏的死死的，不过也要纠正一个概念错误就是不是底层性格懦弱的主角就等于反英雄甚至反主流。可惜影院灯光打开之后回到现实，既不会有毒液，也不会有屌丝逆袭。当电影圈的主体也开始靠着拿捏时代脉搏左翼情绪捞钱(明晃晃的贩卖基情就更不用说了)，那就更加能让人清醒的认识到不会有屌丝逆袭在这个时代，除非是像我们的塔利班兄弟那样直接给富人共产了，那才是现实里唯一可能性的屌丝逆袭在当下时代。可是随意的杀人流血我们普通人真的能完全没有心理障碍的接受吗？
突然想起上周一“资本家”朋友说的一句话，“分蛋糕永远不如做大蛋糕来的科学”，虽然按理说像我这样的底层家庭产出的底层屌丝，理论上不应该支持“资本家”的观点，但是不得不说这句话还是很正确的。现在这个时代受地球资源拥挤枯竭，阶级固化和急躁的时代节奏脉搏影响，大家又回到了那个简单粗暴的人人只求分蛋糕而不求做大蛋糕共同进步的蛮荒时代。虽然理论上来说理想时代好像并不存在，但是不知道为什么， 我们这帮成长于80 90 00年代的人，似乎曾经嗅到过相对更“真实”的“理想时代”。
最后说一点个人观点，资本不可怕，垄断才可怕，垄断者成为制定规则的人，所有受众都失去选择权，因为市场上只有你一家，别无分店。没错，说的就是这部片的资方腾讯。近几年世界影视圈经历了几次大地震之后都有新贵强势登场，国外有网飞，国内感觉就是腾讯了。但是二者注资拍摄的作品质素差距真是挺大的。单说这部片，腾讯安排了一些亚洲元素，黑人这几年不能当反派了给印度裔安排上，底层人民和资本家的矛盾激烈就直接给资本家安排上反派头子，问题是你自己在国内也绝对算得上是垄断寡头资本了吧，为了赚钱自己骂自己也是问题不大，一切都只是为了卖钱而迎合“政治正确”，但是作品的剧作质量真是不敢恭维，甚至都懒得去评论电影本身了，人物动机啥的就没一条是讲得通的……",2,https://movie.douban.com/review/13800614/
Venom,"①
女毒液神兵天降，她性感极了，走过来霸道地把汤老湿搂进怀里，一个热吻。
这个吻由谁发起呢？是那个好像有点儿绝情，一转眼又似乎旧情难忘的前女友，还是吵吵闹闹又傲娇又忠犬的毒液同学？
这也许是一场三人吻戏，我默默地「哇嗷」了一下。
可惜除此以外这对情侣真是毫无火花。讲真，《消失的恋人》里面渣男渣女相爱相杀都显得比你们恩爱。
②
毫无疑问是近些年最差的超级英雄电影了。
节奏奇差无比。想想那长到令人肝疼的铺垫，结尾更是放一会超长彩蛋放一会字幕硬生生拖了20分钟。早些年半分钟上下的彩蛋倒还有点意思，现在动不动几分钟，到底是彩蛋还是下集预告还是衔接不起来故意假装彩蛋的正片？
动机与转变莫名其妙。我很理解索尼的纠结，又想学福克斯死侍的百无禁忌，又想向迪士尼漫威的人畜无害靠拢，世风日下这么多年，其实我们早就不介意黑暗系的反英雄靠卖萌为生，但是能不能稍微给毒液给我们观众一个台阶下？「因为你是个loser你也是个loser（所以我们天生一对）」？「我有点喜欢这儿了」？摸着良心讲讲，这话你信么？
③
汤老湿是个优秀的演员，他很擅长戴着半脸的面具来表演，可是你要他化身毒液还能蠢萌且威风凛凛，最好再穿透层层CGI和绿幕，发掘一下人物内心的纠结与争斗，嗯，有点强人所难，对吧？
④
反派俨然是少数族裔版本的扎克伯格与马斯克，这两人在好莱坞到底是有多遭人恨，这些年的反派但凡是个科技精英，或多或少都有这两人的影子。
看到美国人民还是几十年如一日地反智反科学，我就放心了。
⑤
这些年的超级英雄们内部总爱闹分裂，吵来吵去的情与法，制度与自由，对外他们还要面对各种有血有肉、逻辑自洽、从者甚众的反派的挑战。
身为「共生体」，毒液自带的「分裂」属性，那种善恶一念的游移不定，才是他最大的魅力所在。
看看如今浑身萌点，舌头都吐出来哼哧哼哧，就差没有打个滚儿讨你开心的毒液，我也只好扶额叹息。
20181203",2,https://movie.douban.com/review/12715567/
Venom,"《毒液》
6.0
①
女毒液神兵天降，她性感极了，走过来霸道地把汤老湿搂进怀里，一个热吻。
这个吻由谁发起呢？是那个好像有点儿绝情，一转眼又似乎旧情难忘的前女友，还是吵吵闹闹又傲娇又忠犬的毒液同学？
这也许是一场三人吻戏，我默默地「哇嗷」了一下。
可惜除此以外这对情侣真是毫无火花。讲真，《消失的恋人》里面渣男渣女相爱相杀都显得比你们恩爱。
②
毫无疑问是近些年最差的超级英雄电影了。
节奏奇差无比。想想那长到令人肝疼的铺垫，结尾更是放一会超长彩蛋放一会字幕硬生生拖了20分钟。早些年半分钟上下的彩蛋倒还有点意思，现在动不动几分钟，到底是彩蛋还是下集预告还是衔接不起来故意假装彩蛋的正片？
动机与转变莫名其妙。我很理解索尼的纠结，又想学福克斯死侍的百无禁忌，又想向迪士尼漫威的人畜无害靠拢，世风日下这么多年，其实我们早就不介意黑暗系的反英雄靠卖萌为生，但是能不能稍微给毒液给我们观众一个台阶下？「因为你是个loser你也是个loser（所以我们天生一对）」？「我有点喜欢这儿了」？摸着良心讲讲，这话你信么？
③
汤老湿是个优秀的演员，他很擅长戴着半脸的面具来表演，可是你要他化身毒液还能蠢萌且威风凛凛，最好再穿透层层CGI和绿幕，发掘一下人物内心的纠结与争斗，嗯，有点强人所难，对吧？
④
反派俨然是少数族裔版本的扎克伯格与马斯克，这两人在好莱坞到底是有多遭人恨，这些年的反派但凡是个科技精英，或多或少都有这两人的影子。
看到美国人民还是几十年如一日地反智反科学，我就放心了。
⑤
这些年的超级英雄们内部总爱闹分裂，吵来吵去的情与法，制度与自由，对外他们还要面对各种有血有肉、逻辑自洽、从者甚众的反派的挑战。
身为「共生体」，毒液自带的「分裂」属性，那种善恶一念的游移不定，才是他最大的魅力所在。
看看如今浑身萌点，舌头都吐出来哼哧哼哧，就差没有打个滚儿讨你开心的毒液，我也只好扶额叹息。
20181203",2,https://movie.douban.com/review/10447745/
Venom,"首先吐槽一下片尾监狱彩蛋，真是老套，可以改成屠杀放完狠话后被毒液以迅雷不及掩耳之势一击毙命（在不被狱警发现的前提下）成为首个片尾彩蛋反转的超英片，并且就那几个共生体观众动脚趾想一下结尾彩蛋要出来谁，第二部还是共生体1V1还有想看的欲望吗，应该改成出现了黑猫或银貂LOGO或变相巧妙提示一下，下一部不一定要有她俩但这样以来就把观众口味吊足了，且蜘蛛侠英雄归来就有，超凡蜘蛛侠中途也有进监狱看望反派的剧情。
汤姆哈迪演这个角色很工业化，不如说美国多数这样超英片尤其是漫威的男主都一个样，如果不把人物带入属于他自己的背景里，托尼斯塔克 索尔奥丁森 艾迪布洛克 彼得帕克 彼得奎尔都一样，一个模子放荡不羁，排除非常明显特征（比如托尼好色自负舍己为人 索尔没有艾迪那么怂 彼得是学生版的艾迪就是比较特别喜欢做好一个超级英雄 奎尔就是逗比不怂一点的艾迪）不过寄生这个还是有点老套（寄生兽）身体里有一个声音中国的玄幻小说都已经用腻了好吧
反派改造人类理由太老套，应该有点盲目，可以加一段反派利用暴乱的剧情。
正片里的彩蛋埋得太少，让影片没什么分析性的回味，可以加一些背景梗，数字更，台词梗，造型梗各种不触及版权的擦边球，让观众看完猜来猜去各种预测。燃点少泪点少（可以加一些新鲜的生死别离，加一些基情，虽然我很恶心）吊不起观众情绪，最后毒液事实上没死又有点突兀，可以改成艾迪又一次深陷（小)困境时观众都以为毒液情理之中要出现但其实没出现，等一会毒液突然说话两人又互相调侃起来。还有千万不要把这一幕放在片尾彩蛋里，片尾彩蛋可以再加一个，蜘蛛侠英雄归来就三个片尾彩蛋。
先就这些想到了日后再补充。",2,https://movie.douban.com/review/9951563/
Venom,"天辣个鲁，从开头就猜到了结尾，不幸的是还猜到了过程…我那个去…老掉牙的坏蛋套路，老掉牙的英雄套路，还有那老掉牙的爱情套路，看得我好尴尬，是真尴尬。该片唯一可点评的在于，那亦正亦邪的人设，如果没有这个，该片应该直接会扑街吧。
回忆这部片子的情节都会分分钟让我尴尬，导演是怎么想的，前面听吴孟达的十三邀，里面说到烂片，说是没人一开始就认为自己是在拍烂片。看完此片后，我觉得达叔说错了，这导演，肯定知道。请原谅我，用如此刻薄的言语评论此片。我本是决不愿做这样之事。
哎，我那个无处安放的尴尬呀～",2,https://movie.douban.com/review/9939468/
Venom,"先说一句，本来我就没打算看，从预告片里就能看出问题来，有什么新鲜的东西吗？除了Venom的变身，基本上没什么了。所有当时烂番茄评分扑街，意料之中。之后国内上映，各路影评人把Venom捧上天，我也没理。之后朋友非要拿来看，不得不说，宣传作得很到位，b站，头条上映的时候都能看到，屏蔽了几次也没有用，买没买热搜不知道，不过不得不佩服片方宣传和市场，用8亿美元支持索尼拍出这种玩意。
那我就要说了，这东西就值烂番茄29分，我还嫌高，BVS值不值票价我不知道，但起码最后的打戏还对得起观众。虽说两者有“异曲同工”之妙，咱们先不谈美学镜头之类的，我看完了这个东西就像吃了屎一样。
就这么严重的剧本问题，从5分钟开始就坐不住了。前40分钟，起码一半的场景是不必要的，不过索尼想这么水的意图到了后半段我算是看出来了。这部电影到底有个什么东西？编剧是得了脑癌还是怎么的？虽说是起源故事，索尼还可以找一大堆理由，什么这个是独立电影啦，观众对Venom还不了解啦什么的。我们再对比一下海王。虽说海王在JL里出过场了，但是开头的在潜艇的打戏除了引出黑蝠喷之外就是温导秀动作剪辑，加上黑蝠喷是姐夫要求加上的。海王要讲的东西不比你多？剧情简单归简单，故事都不会讲了作什么编剧？最后实在找不到理由了就让双方开打（我只想说一声“玛莎”）好像就在向观众说你们不就是想看这个吗，那就给你们来一段，结果几分钟完事了。我到底干了什么？糟糕的剧本，糟糕的人物……
再说说这个PG13，本身已经够烂了，Venom你弄个PG13，直接说你是来赚钱的算了？看还让人看得不爽，不过如果把Venom放在1997年，那么豆瓣7分毋庸置疑，那些在现在看来已经过时了的追车戏和运镜可能成为经典。当年Bob Kane看了《蝙蝠侠与罗宾》被活活气死了。我现在严重怀疑Stan Lee就是被这东西气死的，逝者安息，一路走好。
关于导演，我没什么要说的。毕竟以前是拍丧尸为主的，几个镜头还是很好的，但是很多夜景原本可以构建得更好。
总之呢，Venom烂是烂掉了，对于这种东西，我也不想说什么了。",2,https://movie.douban.com/review/9932523/
Venom,"真的不好，特别不好，真的睡着了。
以前看蜘蛛侠时，里面的毒液让我觉得他太牛逼了。可是这一部刷新了我的三观。原来毒液也是一个屌丝，而且是他们星球屌丝中的极品，也就是说是一个战五渣，这样的水平怎么在漫威混呢，如果他都混下来了，那么他们星球的最强王者不是可以毁天灭地吗？
是不是漫威准备转型呢？文戏太多，这个漫威就是抛弃文戏才战胜DC的，现在又拍文戏，什么鬼，如果看文戏，漫威没有一部可以和DC比。
全家看复仇者联盟时，读大班的女儿会因为蜘蛛侠死了流泪，卡莫拉死了很失落，这部电影里还剩下什么。坚持社会正义的记者吗，我只看到一个只有热情没有办法的屌丝。这个屌丝和另一个屌丝相遇，你还想1+1会大于2吗？果然没有大于2，他们的胜利，除了运气什么都没有，漫威想表示普通人也可以当英雄吗？",2,https://movie.douban.com/review/9931884/
Venom,"所有漫威的超级英雄都有可爱的点。
这部剧的男主没有。
电影开篇自私自利，偷看女友工作上的绝对机密文件，发现自己第二天要采访的那位反派干的坏事，采访的时候就试图曝光此事——做事不考虑后果，不负责任，狂妄自大。不顾女友的死活（女友的确因此失去工作），没有任何可实施计划的情况下去作死；你死你自己的，不要搭上你可爱的女朋友，谢谢。他成功地将自己自私脑残这点贯彻始终。屡次不顾前女友安危回去找人家给人添麻烦不说，女主和其现男友DAN无私帮助他，带他去医院，帮他把毒液给从身体里分离出来，他居然把自己身上的“寄生虫”毒液留在了医院扭头就径直离去，without hesitation（可能会害死成千上万的人）。在实验室中躲藏安保人员遇到熟人乱动仪器，致熟人死亡最后砸开玻璃，真的是令我震惊，这种动作正常人吃了脑残片才能干的出来吧。影片中的DAN（主角前女友的现男友）倒是正派，作为一个医生，无私平等而自愿地救助患者。
超级英雄电影或者动作片都会死很多无辜的人，但是这部片子，你仔细想一下——那个机场上被感染的无辜小女孩儿死了，那只医院里被男主遗留下来的毒液感染的可爱的狗狗死了。
男主他正义而勇敢吗？真正的正义是——知道通往正义的道路荆棘丛生，艰难险阻，而且很有可能会把自己玩儿进去，仍旧毅然决然挺身而出，这叫勇敢。最初男主以为动动嘴皮子就可以行侠仗义，结果幼稚的“正义”害人害己，当他发现这条路很难走的时候立刻拒绝了博士请他回去帮忙的请求。最后依靠作为loser想成为winner的心支持着战斗。
一星给特效和战斗场面；第二颗星给斯坦李老爷子最后遛狗出镜。
第二部不会去看，看不下去这破烂男主去祸害可爱善良女主角了。
不过屌丝应该很喜欢这部片子吧，男主头脑简单，不负责任，彻头彻尾loser渣男，但是女朋友爱他爱得死心塌地，还疑似包养着男主。（女主有车男主没有，分开之前男主一直住女主非常nice的公寓里，之后自己的住处很破。）
感谢毒液上映的时候我特别忙，不然我会在一出影厅就开始骂街。（在爱奇艺花了三块钱看的正版",2,https://movie.douban.com/review/9911168/
Venom,"在家看了一遍，觉得不怎么样啊……不就是个爆米花？？
看不出来男主除了一时失意以外哪里像失败者，像他这样的调查记者，不都是靠硬货吃饭的么。毒液到后面所谓“感动”转变，也很强行。整部电影除了“一开始外星生物不是好人”和“跟正常英雄长得不一样”以外，没有什么好博人眼球的，不是很懂为什么票房高，大概同期不是受众小就是太弱吧。
唯一值得嘉许的大概就是“外星生物蓄谋已久”和“不要随便采标本回来”。然后跟异形改邪归正也差不多了。",2,https://movie.douban.com/review/9909112/
Venom,"爆米花电影 说剧情吧 很老套的英雄电影 说特效吧 一半时间都在走剧情 反而失去了商业片的吸引力
很普通 虽然是花三块爱奇艺上看的 但是应该不怎么影响评分 因为最让我觉得无语的不是特效 场面 而是毒液的设定 转变的太快 而且完全没get到由邪转正的点在哪里 两人之间的互动在我看来也没那么有趣 平平过过 为了梗而梗吧
作为美国商业片没有观看的爽感（不管是特效方面还是屌丝逆袭的心理优越感）
作为漫威系列 好吧 我不是漫威迷就get不到漫威情怀 做不了这部电影的受众",2,https://movie.douban.com/review/9900326/
Venom,"《毒液》这部电影，秉承了漫威电影一贯的超炫画面、大制作标准，但故事情节过于牵强，过度太过生硬，外星生物附身主角后，由侵略者转变成地球守护者，中间有点太戏剧化，只是说自己在外形也是个废柴，想到地球自己重获新生做老大。。。。。
还有就是，一共由飞船运回来4个外星生物，为何有的不成功，而附身主角和大反派的两个最特殊的却成功附身、且技能牛叉呢？影片中也未做明确说明，只是人的体质不同。。。。
总体来说，这部片子制作绚丽，看这过瘾，看完之后回忆起来只需要30秒。。。。。。",2,https://movie.douban.com/review/9898928/
Venom,"很失望，电影里的毒液不是一个反英雄，而是一个吉祥物。
说到“废柴男主得到亦正亦邪的能力，和能力共生，最终打到更邪恶的反派”这个设定，前段时间有一部叫《升级》的电影就是这样的。这部电影无论从人物设定，剧情深度，甚至连打戏都要甩《毒液》几条街。
这种设定最精彩的地方就在于角色的成长/转变，因为亦正亦邪的角色往往有很大的成长空间。然而在《毒液》里完全看不到角色的成长，决战前毒液对男主说“一开始我想占领地球，但是因为你，现在我想留在这里了。”什么鬼！男主干什么了你就因为他？是帮你清空购物车还是还蚂蚁花呗了？这种机械式的“浪子回头/坏蛋洗白”，让人感到莫名其妙，看着来气（上一次这么来气还是看《极盗车神》）。
整部电影非常努力地在把毒液塑造成一个讨喜的角色，而完全不顾其它人物的行事动机，就连毒液讨人喜爱这件事本身，也没有什么动机（那可是来占领地球的外星共生体）。比如电影最后毒液对打劫便利店的坏人一通义正辞严的说教，结果说教完就把他的脑袋吃了[费解]我靠那你说半天废话干嘛呢？所以当毒液像大号吉祥物一样和男主卖萌互动，引得影院阵阵笑声时，他获得了一部分人的喜爱，同时也让剧情本身沦为一个仅仅能确保商业成功的“特效故事”。
PS: 那句“是不是像超人害怕氪石一样”，真的是雷到我了。",2,https://movie.douban.com/review/9861558/
Venom,"合格以上的叙事结构＋勉强特殊的立意＋算是惊艳的美术特效。说是两个loser成双配对上演逆袭的故事，但一点儿也不觉着这俩货失败啊……角色塑造差了一丢丢事儿，白瞎了开头的背景交代（当然铺垫的也不咋地）。

反英雄题材的“反”不好拍，难在如何在所谓“正邪”之间转变。《毒液》里有三组关系：毒液与毒液自身、汤老师与汤老师自身、毒液与汤老师。然而这三组关系拍得都很割裂，缺少更为圆润合理的转折与过渡，以至于给人“为了剧情展开而故作姿态”的感觉。电影相关宣传稿，说毒液象征着什么“双重人格”，在我看来，只是为了拔高身段的扯淡。

其他的都还好，腹黑卖萌的角色定位讨人欢喜。毒液的技能设定，让人联想到虐杀原形＋寄生兽＋《危机边缘》里的变形人。

《毒液》总体给人的感觉，有些谨慎收敛。如果拍成R级的话……总之，院线版差股子张狂与野性，不知道今后是否有导演剪辑版，能让人得偿所愿。",2,https://movie.douban.com/review/9835691/
Venom,不错的爆米花电影，找一个好友一边吐槽一边轻松的看完。是的这说的就是毒液。一部看粉丝脑补加戏比正片有看头的电影，外星生物男友力秒杀男主，因为我们都是屌丝所以我要和你在一起的跨物种跨星球的爱情喜剧，有人说这是美版寄生兽，然而相似处只有主角交了个寄生朋友这一点。看完这部电影我只想再去多收藏几张同人图而不是去看它的正版漫画。,2,https://movie.douban.com/review/9828055/
Venom,就像两个吸血鬼打架，没什么亮点倒也没什么尿点。偷看邮件后电视直播说出内容，神tm外星人还教你泡妞。。。无语了。毒液的心理变化也没有具体描述，上来就是和自己同类干个你死我活，可能设定的就是动作片吧，完全没剧情和合理性可言，平铺直叙，看完之后也没什么可回味的。女主咋说呢，总感觉很怪。,2,https://movie.douban.com/review/9808570/
Venom,"动作戏很不错，没想到毒液居然如此有弹性，打架的一把好手。
好和不好的地方都十分突出。
首先，好的地方，动作戏相当亮眼，那一段追击戏和打斗戏值得一看。
糟糕的地方哎，剧情相当薄弱。剧透预警
一个记者被迫害，然后潦倒之际遇到了外星生物，力量暴增成为暴力甜心。
我看的时候都忍不住吐槽：
反派的科技公司诶，说进就进了
科学家也跟没脑子一样，直接让主角自己进实验室
偏偏实验室玻璃那么脆弱的嘛？拿瓶子砸了两下还就开了，这是什么骚操作
一个生物科技公司连监控都没得吗?科学家等了好几天才被抓到
莫名其妙毒液就不打算杀光地球了！因为啥，因为你啊艾迪~中间发生了什么呀到底，我是睡着了没看吗?
毒液你清醒一点！！！
外派boss到底是干啥的，打了一会儿打赢了，莫名其妙就死了，火箭🚀炸的时候我一点也没觉得燃，我就觉得莫名其妙，干啥呢，就这么死了?忍不住看表，这就完了?
还有，女主存在的意义是干嘛?
总体来讲，可以一看，但是别抱太大希望，剧情相当垃圾",2,https://movie.douban.com/review/9800650/
Venom,"在看电影之前，被安利了很多男主年轻时的帅气照片，可一看电影，真的体会到了什么叫“岁月是把杀猪刀”，那个英俊少年去哪里了啊，连影子都没有了好吗？
说到“影子”。周末看了张艺谋的“影”，和这个漫威的“影”相比。我真的觉得国内导演讲故事的能力已经超越了好莱坞。其实不仅仅是这部电影，国产电影进步真的神速，好的作品，耐人寻味的故事，越来越多。
说回《毒液》，一开始看的我这叫一个激动。因为和我喜欢的《异形》系列和美剧《血族》一开始一架飞机全员莫名丧生，后来又变成丧尸的感觉好像。但是随着剧情的发展，越来越“美式幽默”了。
“毒液”竟然是那个星球的“loser”？不是吧，你可是我心目中的反英雄啊，你瞧不起地球呗？想来地球完成屌丝逆袭呗？你怎么不去演《煎饼侠》啊？
看到这我就想骂三字经了，一点血腥一点暴力都没有，漫威宇宙的英雄们刚被灭霸差点团灭，你就被派来缓和气氛呗？
说到这，我真的无语了，一部男女主颜值很一般的戏，你剧情能再好看点吗？
哎！",2,https://movie.douban.com/review/9798469/
Venom,"首先说结论，剥离了蜘蛛侠的“内核”，毒液这层皮显得幼稚而可笑。
为了凑剧情，编剧们也是辛苦了，又不能打打“大腿”的擦边球，还要把这么一个单薄的故事变成一部电影。
外星屌丝弃暗投明？来到弱鸡地球过上幸福人生？你确定不是在讽刺超人？
看之前也看了一些所谓影视 V 的评价，什么刺激的场面完全感受不到，“液体义肢”的运用毫无亮点，汤老师演怂逼，进不了戏呀，跟女主角毫无火花，米歇尔倒是演出小辣椒的“俗”味来了（这是表扬）；比拟前人，因为技术的进步，各种超越的画面细节也没有感觉，只觉得视觉设计是不是对毒液的美感有什么误会，整体就是油污下水道，脏乱差；可爱又萌，甚至与汤老师隐约 CP 的暗腐，也没什么触动。
这就是一部垃圾的爆米花电影。
下部还要拍屠杀？看你们怎么玩……",2,https://movie.douban.com/review/9794883/
Venom,"和同事周一晚上不加班，组团去看这一部最新火的不要不要的大IP.
说真心话，是失望的。
剧情转折真***的无脑，除了画面和一些逗人的梗，看不出来任何东西。
哪怕沾着Stan老爷子去世的一波缅怀，不能否认确实是烂片的事实。
P.S: 豆瓣针对外国片出乎意料的又意料之中的宽容，这片要是国内片，评分估计直线掉到5去了",2,https://movie.douban.com/review/9787932/
Venom,"说起漫威英雄，第一印象就是帅气、酷！只能说毒液有点另类。本体看起来就像是一堆黏糊糊的泥浆？anyway~有点惊悚和恶心吧···
整部剧的剧情很简单，是个可以从头一眼看到结局的剧，所以观影过程中，除了体验一下影院的3D效果以及音响效果，本身没有让人觉得很惊艳的地方。但汤姆·哈迪有一段的演出有惊艳到我，即毒液上身以后的各种不适，虽然有点恶心，可能就是因为如此，所以才让人觉得印象深刻吧。
早年的漫威电影里的超级英雄，让我觉得好想拥有类似的超能力，最喜欢的还是超级特工黑寡妇，真心觉得cool，而且斯嘉丽的形象让我就对黑寡妇更有好感，好美好帅。
此次观影感觉比较一般吧，与其他漫威英雄系列相比，剧情显得很单调。另一个外星侵入体暴乱这条线很单薄，前期只有一个在市场上杀人的剧情，而之后没有再引起其他的暴动和注意后直接侵入了德雷克博士体内，由于前期共生体是很挑剔宿主的，所有侵入的时候没有任何交代，也没有任何说明如何是match的宿主，其实还挺让人莫名其妙的。
所以此次还是感觉比较失望的。",2,https://movie.douban.com/review/9787897/
Venom,本来是不看漫威系列的一个人，突然被朋友拉着去看毒液，去之前还看了一下豆瓣，有七点几分，我想应该不差，所以就去了，不过最后真的有些失望。我个人看电影更加倾向剧情更饱满的类型，不过我承认毒液的特效的整体感觉很不错，只是剧情上有些不尽人意，最开始是一个丢了工作的失意的人，突然被恶鬼缠身，这只恶鬼利用了他去吃人获得能量但也帮助他逃离敌人的追杀，去了医院摆脱了恶鬼，但是恶鬼在他女朋友身上走了一圈之后突然就变成了一个充满正能量的超级英雄，然后站在宇宙中心呼唤爱的表示要打败大魔王，然后上演了一出奥特曼打小怪兽的生死厮杀，然后赢了，我看的一脸懵逼，觉得建议观看年龄12至18岁才是正常的,2,https://movie.douban.com/review/9786016/
Venom,"看了毒液，emmm有点想吐槽一下，但我不是为了吐槽来的，因为我看电影随时都有可能想吐槽，但是有些小槽过会儿就忘记了，只有耿耿于怀的大槽我才能记得。
恕我直言毒液是我看过的漫威电影逻辑最脆的一部…
一个是电影的节奏非常之不喜欢，一个半小时左右的电影，前奏铺垫太长了，基本上整整一个小时才开始进入正题（我所理解的正题）。
二个是男主也太自以为是了吧，反抗上司的命令、偷看未婚妻个人资料、偷偷进别人公司（明明那个科学家都告诉他了不要乱动），他还自以为是地砸玻璃救人。结果他被炒了，未婚妻跑了，炮灰女也死了。如果他进入公司搜集到资料后，直接交给警察，结果会更简单一些。
三个也是很多人喜欢我也很萌的男主毒液cp，不知道毒液是怎么看中男主进而想保护地球的，这个感情线非常之没有逻辑。我觉得如果我是毒液，绝对不会告诉一个相处了短短几天的外星人自己的命门，也不会决定要留在外星球还帮着对付自己人。这种逻辑硬伤像是漫威电影的通病，看剧看书也用脑子的工科女表示看漫威电影真的不能太抠细节…
还有片尾的时候，看到了遛狗的斯坦李老爷子，有点感慨…这种感觉在今年霍金去世的时候，最强烈。",2,https://movie.douban.com/review/9774622/
Venom,警察到老妪到小女孩到反派-*----什么鬼，，奇怪的新欢旧爱三角关系等等。要是没有特效，这个电影就一分不值。，全是硬凑一些内容。无厘头，什么鬼，乱七八糟！要是没有特效，这个电影就一分不值。，全是硬凑一些内容。无厘头，什么鬼，乱七八糟！要是没有特效，这个电影就一分不值。，全是硬凑一些内容。无厘头，什么鬼，乱七八糟！要是没有特效，这个电影就一分不值。，全是硬凑一些内容。无厘头，什么鬼，乱七八糟！,2,https://movie.douban.com/review/9771870/
Venom,"在朋友圈各种刷毒液的诱惑下 带着满心的期待买了一张比平常贵10元的电影票 37元 平常25就能看了 有时候更低 心想可能拍的好所以价格也不便宜吧
到了影片刚开始的时候还在想 可能每个系列的第一部才会是比较好看的
男主的颜值加上纹身加上摩托 特别耐斯 但是女主不咋喜欢 尤其是影片中过了半年就有了新欢当着男主的面接吻进了他们之前在一起的房子 和我的三观直接起了冲突 这样也能叫爱过？
故事讲述的比较",2,https://movie.douban.com/review/9771181/
Venom,"平心而论6.9，美术概念特效明显过关。但毛病也很多，比如导演可能以为所有观众都是毒液死忠粉，能通过支离破碎的剧情线索把故事讲清楚。比如逻辑漏洞太明显，是非黑白停留在小学生等级。
这部片子北美遇冷很正常，国外观众普遍品味比较平均线以上，国内可能平常遭遇烂片太多特效大作太少，因此悄悄放过剧情追求观感也可以理解。
只是恳求毒液第二部真的换个导演吧。",2,https://movie.douban.com/review/9769457/
Venom,"有幸和家人一起影片。让我觉得不满的是。无论从情节，从大豆。飙车追逐，美女。特技。都不能令自己提起兴致。怎么说呢？你想看，这就是一部好莱坞式的爆米花影片要啥没啥。一味的为了爽而爽，到头来什么东西都没有爽到。如果。前戏都没有那哪来的高潮呢？毕竟。那么。不是就这样去看电影的。这也是自己不喜欢啊，这类影片的原因。聊一聊这部影片。组织语言。是不是让自己组织语言就突然的发现，原来自己组织语言并不是像自己想象的那样好。至少。看起来并不是那样。现在已经能够去鉴赏出来什么样的语言是优秀的，什么样的语言是不优秀的，但想让自己很好的表达出来自己所想的东西自己还是做不到。电影。如何去评价一个电影？至少给自己先定义几个维度吧，从剧本从摄影，从故事的结构，从故事的立意从出版商。的角度去看。我们能够去分析的角度有很多。这些综合体现出呢一部影片究竟是好的影片还是坏的影片，有可能这二部影片票房很高的那并不是自己想要的，也就是说这部影片的心目中并不属于那种好的影片。当然每个人有每个人自己的想法   不能强加自己的想法，于别人之上。在电影院当中的几个小的插曲吧！看电影的过程中，总不自觉的听见周围的人在笑，还不是一两个人笑还是？大范围的。大范围的人在笑。可是我并没有看出情节，有什么好笑的地方。是自己老了吗？我不知道。说一说故事吧。一个假想出一个。和邪恶的科技。大型一个。假想。一个假想出一个。假想出一个邪恶的科技巨头的领导人。为了某种某种邪恶的目的。想要征服宇宙。从外太空。带回了一些些寄生虫。与。带回来了一些外形生物。这种外星生物能够侵入自己，进入动物的体内。侵入动物的体内。侵入动物的体内。邪恶的科技巨头领导人就想。将这样一种生物。与人类相结合。恰巧这真是外星生物，外星生物的。一种想法。另一边我们故事的男主角。在事业上。有着惊人的能力却不为。领导和。和同事们的赏识。看起来就是一种标准的。天下皆醉我独醒。一个人就可以拯救地球。的。故事情节。这种故事情节本身并没有什么新意。女主角长的。还有一点老气。至少在这种爆米花电影当中都不性感。那观众们为何要买单呢？嗯，进行电影的推进。邪恶的力量终于汇集到一起。他们的目的是想要搭乘。科学和科技巨头的火箭重回太空。将更多的邪恶外星机器人。带回到地球上了。达到征服地球的目的。这时候我们的主角。和一个。在外太空中。也是啊。屌丝的外星生物。一起。破坏了。行了你聊。邪恶力量。的威胁，组织的邪恶，力量的威胁。最后男主角。萝卜和好的外星生物。没羞没臊的在一起了。就这样啊。这是近些年来。看了最差的一部电影。
这个语音输。已经差到了一定境界了，我已经受不了了。哦。
其实我想写的是 这个语音输入已经差到一定境界。我已经受不了了，啊啊啊啊啊！",2,https://movie.douban.com/review/9768493/
Venom,"1.同样作为机密实验室，《碟中谍》教我们如何躲避射线、如何瞳孔识别、如何做到身型体貌符合从而顺利度过层层关卡。而《毒液》告诉我们别费劲了，你只要低下头别被保安看到就好。进到实验后女科学家告诉男主进去后什么都别碰！于是男主把能碰的碰了个遍并且狂砸十次特殊玻璃就把用来关外星生命体的玻璃击碎了，此两处涉嫌严重藐视观众智商，扣一星。
2.作为一个在人体内兼容性并不是很强的外星生命体，在搞死无数“志愿者”后竟然完美融合在男主身体里，ok他毕竟是男主，这没什么。竟然也完美融合在女主身体里，OK她是女主我勉强接受。竟然为了把毒液从男主体内过渡到女主体内而完美融合在小狗体内！鸭鸭鸭？击鼓传花么？请问男主女主和狗他们三个有什么共同特征么？好像毒液是为他们量身定做的一样，此处再次涉嫌严重藐视观众智商，扣一星。
3.男主和反派在火箭发射场的打斗可以说是本片最高潮，在互打互吃不分伯仲的时候女主及时赶到，并机智的运用之前所学的毒液们的弱点来阻止这场打斗（我也并不明白毒液为什么要把自己弱点暴露给大家，求制裁么）搞得大家都变得破破烂烂的，最终反派还是乘上了火箭顺利出发，男主当然不能允许！立马拿起武器在火箭上划了个大口子，火箭原地去世……那你费那劲打半天是想干嘛？倒计时只有五分钟，在提前交代了反派及其厉害无疑鸡蛋碰石头的情况下还是打斗纠缠，鸭鸭鸭？是想展示毒液无所畏惧永不放弃的精神嘛？此处第三次涉及藐视观众智商，扣一星。
在无缘无故的打斗过后一切重归平静，我以为终于能看到毒液与男主共用身体发生的趣事摩擦等等等等的时候，电影戛然而止鸭鸭鸭？就结束了？刚开始就结束了？我怕是看了一个多小时的电影预告片吧…我控制住了扣星冲动，漫威绝不能一星，这大概就是我对漫威最后的倔强了。
不知道为什么，近几部漫威电影都从正经英雄电影变成了刻意搞笑和凹人设电影。可能是《死侍》使漫威尝到了甜头，可能是新老英雄迭代更新要快速树立新英雄形象定位，总之有点失望…
这是我第一次在豆瓣写影评，没想到就是吐槽我向来无脑五星的漫威，哭了555。",2,https://movie.douban.com/review/9766520/
Venom,刚去看过回来，里面的打斗场景很刺激，可是我并不喜欢，觉得有些着急，剧情一般，不是很喜欢。男女主以及里面的配角都是演技实力派，但是并没有觉得剧情紧凑，而且配角去向也没有交代清楚。总之该部电影很凑合，里面也出现了很多亚洲面孔，我是觉得有种莫名的歧视在里面，不知道大家的看法是什么。我总觉得国外的科幻片一直都是围绕拯救地球来的，没有新意,2,https://movie.douban.com/review/9764079/
Venom,"含剧透

失望，只有失望。

本以为汤姆哈迪会为超英电影带来不一样的体验，谁知从角色到剧情统统崩得一塌糊涂。当然了汤老师自己也说最爱的镜头全被剪掉了，真的没办法责怪他。

先说角色吧，汤老师饰演的艾迪布洛克本是地球日报的专栏作家，出于职业和个人原因具有强烈的责任感和正义感，可影片仅仅通过采访卡尔顿德里克的几句话来体现其性格特点，实在是缺乏说服力。前期和门卫大叔的互动明显想要体现角色的邻里属性，这一点本身没毛病，可配上汤老师的硬汉脸就十分违和了。后期甚至明知自己和毒液一体共生还开诚布公地告诉别人毒液的弱点，只能说脑子或许被毒液吃掉了吧。前后期的性格转变微乎其微，相比美队、钢铁侠、雷神这些角色，成长性实在太弱。虽然漫威三大将每人都有三部电影进行性格塑造，但以汤老师的实力，我相信足够能在短时间内表达出来。毕竟汤姆哈迪的起点要比一众漫威演员高太多。

女主嘛，缺少精气神，且不说卡特小辣椒简福斯特女武神黄蜂女，就连星云蟑螂蚁人女儿都要比她范儿。汤老师被炒鱿鱼不仅不默默陪伴，跑得比小闪都快。后期又丢下现男友颠颠跑回来强行下副本，一地死人的情况下只想着带汤老师去医院，也是真真是缺颜少脑。

反派就别说了吧，卡尔顿德里克上来就是残忍总裁，第一艘飞船起因经过缺少交代，自身黑化原因也不明朗，除了喊喊反动口号外再没特点。倒是光头保安，侥幸从毒液手下逃脱三次还毫发无伤，这生命力也是顽强，要是毒液早感染他，也就没主角什么事了。


剧情上除了毒液的弱点交代清楚以外其他一笔带过。男女主感情线开始的莫名其妙，结束的莫名其妙，重逢又是莫名其妙，看的直挠头。反派塑造了一个残忍的弱智，缺乏对人物性格的深挖，黑化也毫无理由，对自己手下还这么狠活该死得早。阻止火箭发射的职员让人联想到美队13号和交叉骨的对手戏，本身有很多故事可挖，结果却被处理成暴乱现世的理由，有点可惜。个位数的安保，写满善良的女助手，加上平淡的叙事结构，让每场戏像是打卡上下班一样缺乏惊喜。一眼看到剧情走向，毫无波折。除了超人梗和李大爷之外，真没什么亮点。汤老师的插科打诨如此的不合时宜，多少场打戏都救不回来。


再说动作戏吧，本以为汤老师能贡献一场不输美队2的精彩打戏，结果平淡的甚至有些乏味。5场动作戏（可能有遗漏）算是密集，可缺乏力量感和打击感，追车戏连碟6都不如。一个断背老爷、单抗不死老乔的男人，竟然和一群杂鱼纠缠不休。美队的人类体术巅峰宇宙级强行五五开，钢铁侠层出不穷的武器，雷神不缺敏捷的肉坦，绿巨人无脑正面刚，星爵漫威最强战术指挥，小虫爆发刺客，鹰眼敏捷adc放风筝，幻视人形自走炮台，奇异博士神级走a法师，蚁力神无限召唤，各有各的特点；结果毒液前期就是个超低配绿巨人，最终战两个液态绿灯侠互轮。浪费了汤老师一身好肉。多说一句，刚刚对漫威各个角色的动作特点做了总结，所以黑豹的定位就十分尴尬，黑豹的动作戏也是正统漫威里最无趣的一部。假设一下，汤老师拍个R级起步的惩戒者，一定非常好看。


配乐嘛，毕竟姆爷压轴，其他的没什么亮点。个人觉得配乐最好的几部有雷神3、超编和蝙蝠侠前传，其他的都差不多。


灯光太暗了，不仅没有营造好黑暗和严肃的气氛，还影响观影体验，一团黑影闪来闪去让动作戏毫无吸引力。


五星的话最多两星，本应该表现更好，却被后期剪辑搞得一塌糊涂，不只是内地的5min，按照汤老师说法，3~40min的戏在国外就删掉了。希望导演发发力，搞个导演剪辑版来满足影迷的胃口。最好看的都在预告片里，一帮没有性格的纸片人很难演出好电影。

最好的超英电影永远是美队2。你说蝙蝠侠前传？那是史诗级的剧情长片。",2,https://movie.douban.com/review/9762036/
Venom,"一个月前，小爱就被徐先生对《毒液》的热情给感染到了，因为徐先生是这样跟我说的：
毒液是反派，毒液是正派，毒液很萌，毒液很好看……对，他就是这样语无伦次的表达对漫威的喜爱，毫不怀疑的漫威粉一枚，毕竟是兜着裤子陪着他长大的，感情可以比肩脑残粉。
然而，今天的徐先生却是悲伤的——漫威之父斯坦李去世了，享年92岁。在他的认知里，我们认识的漫威英雄，一大半都是出自于他的手，没有他就没有神奇漫画。
在小爱这样普通的观众眼中，斯坦李是属于高大上的人物，他一般都在幕后担任指挥，然而他却喜欢客串在多部漫威英雄中电影中，而且每次客串的。都是一个很毫不起眼但又实力救急的人物，被大家称为“英雄世界的老顽童”。
说到这里，相信有不少漫威粉保留着斯坦李的花絮照，慈祥的微笑带着调皮的动作，让人一看，感染力十足！
可这样的花絮却在《毒液》中永远终止了~就在小爱看完这部电影之后斯坦李逝去，当时脑海中满是斯坦李饰演一位遛狗老人的样子，他依旧是代表着正义与积极的一面出现，一句“不要放弃”让人看到戏里戏外始终如一的“漫威之父”。
以上的评价仅限于斯坦李，完全与《毒液》无关，接下来才是正餐，相信这样的褒贬之间能让大家认识到“客观”两个字。
因为《毒液》是先在国外上映的，比国内要早了一个月，中间的超长等待比上厕所没有手机还要难熬，于是看枪版成了一种必要的急救。
这不看还好，看了才知道，国内上映的正版竟然被剪切了好几个地方，导致整部片子的质量大缩水。
先来给大家说说删减的地方吧~希望不是细节控的观众可以一笑而过。
一是暴乱附身的小女孩前后转化的细节
逃走的反派暴乱，前后换了护士、老太太和小女孩三个身体，本来一切都进展的很顺利，但在第三个宿主小女孩的身上却发生了大的纰漏。
能明白片子是为了多增加一些想入非非的地方，暴乱附身小女孩的地方可以不看，但暴乱顶着小女孩的身体以及附身德雷克的过程总要大方一点吧~然而剧情被切得就像安装了过滤网。
二是安妮变身毒液的前后细节
与暴乱附身的小女孩一样，毒液附身安妮没有任何画面，我们看到的最后情节就是毒液顶着狗狗的身体与安妮来个“一眼万年”，不知道的还以为安妮会抱着狗狗去找汤老湿呢~后面的结果是咋样的，看过的亲亲的观众已经秒懂。
三是被删减的五分钟彩蛋
漫威的电影每一部都有非常重要的彩蛋部分，连接起来就是承上启下的作用，可《毒液》偏偏删掉了第二个彩蛋：那便是将于今年12月14日北美上映的蜘蛛侠动画电影《蜘蛛侠：平行宇宙》。
不知道为什么要剪掉国内版，难道只是为了保留悬念而留下遗憾吗？那接下来的第二部《毒液》希望不会太差。
同时，小爱并没有觉得《毒液》可以配得上7.4分，因为剧情的bug存在了太多，盘点下来竟然有种细丝极恐的感觉。
剧情一：到底有几个共生体？
从头看到尾，电影中的每一个细节，小爱都不敢错过，尽管非常害怕那时不时突来的转变。然而，小爱一直没有搞清楚到底有几个共生体，第一个是逃走的暴乱、第二个是附身汤老湿的毒液、第三个是和朵拉一起死了，按道理来说一共有四个毒液，但影片只向我们展示了三个毒液，还有一个呢？
剧情二：论打斗的影响力
按照正常逻辑来说，毒液和暴乱在公众场合各种斗殴，时间之长、动静之大，竟然没有引来警察，确认是月黑风高夜无疑！
剧情三：共生体的匹配性
德雷克把共生体带回地球研究，而所有共生体匹配的对象都是活生生的人，因为一度的匹配不成功，德雷克掩盖了尸体成堆的事实，而后面的剧情却向我们展示了，暴乱可以随便与人结合，而毒液也可以在安妮、狗、汤老湿之间随意切换？
剧情四：反派智商的重要性
刚开始有点不理解为什么暴乱要在中途就来个刺杀，为什么不直接坐进生命基金终极站，直到后面毒液口无遮拦的暴露自己害怕高分配的声音和火之外，让小爱看到了反派智商堪忧的未来。
尤其是看到暴乱和德雷克结合之后，明明可以很淡定的依靠工作人员成功坐上火箭，却要来一个大屠杀断绝后路，让安妮有机可乘开启了终极武器，最终落败。这真的不是剧情上的bug吗？让反派死的这么轻松？
好话坏话小爱都说了一大推，但归根究柢，大家对这部影片的喜爱已经接近了10个亿，除却那与众不同、介于正反两派之间的毒液角色让人惊喜之外，应该还有脱离复杂特效和剧情的极简主义，就连主角汤老湿都那么可爱。
可以了，这部片子还是让毒液占了甜头，大家疯狂爱上的是毒液的吃法：’我喜欢你的心、喜欢你的肝、喜欢你的脾胃、喜欢你双肺…
听起来是那么恶心和惊悚，但看到毒液借安妮的身体对汤老湿那基情一吻，瞬间菊花一紧的激动。
怎么办？毒液带给观众的不仅是充满力量的诱惑，更带给观众想给他整牙的冲动，恶搞下去，让毒液没办法hungary！",2,https://movie.douban.com/review/9761599/
Venom,"电影在北美上映时专业评论就哀鸿遍野。
看完倒觉得也没那么坏。中规中矩的美式超级英雄电影，但低于漫威的平均水平。
问题是电影的主角是“毒液”，传统大反派，蜘蛛侠的敌人，反英雄的先锋。结果，索尼暴殄天物，把它拍成了好人。
索尼从反英雄入手，打造黑暗超级英雄的想法是挺明智的，毕竟现在正面英雄的拍摄套路已经陷入窠臼，打包买赠观众都未必买账，要创新越来越难。连根正苗红的好同志都要拼命发掘“阴暗面”，搞自我内心冲突的复杂叙事。
死侍的反套路意外爆红，没有道德，满嘴脏话，嗜血滥杀，高度反社会，神经质爆表。虽然本质还是维持正义消灭坏人，但那种打破束缚感的叛逆还是让观众觉得惊喜。
本来毒液应该把这种反套路发扬光大，观众们已经对那些刻板好人感到烦腻不堪，有些甚至连人都不能杀！你稍微有点不一样，大家都该买账的。
可是，可是，可是……
电影偏偏在创作上出现了方向性错误。电影里的毒液坏么？或许，毕竟它也吃人脑袋，可那都是坏蛋，它从始至终也没伤害过一个无辜的人。
它带着一肚子坏水，万里迢迢跑到地球，在电影里狰狞了半天，突然就决定要当个好人。立场摇摆，性格也模糊，除了一天到晚喊饿，也没见它有什么思想和主张，不知怎么就突然易帜选边。这么没原则，还是在母星政治理论学得不够，缺乏宗旨意识。
毒液的转变在电影里铺垫完全不够，毫无说服力。一会儿说被汤老师影响，又说自己在外星是个卢瑟，到地球后能够享受强大的感觉所以要保护地球（可它明明把自己的大佬暴乱都给干掉了）。
总之，整部电影里，毒液除了吓人和打架，经常还得插科打诨，适时卖萌。三观不算正，但道德底线绷得比老干部都紧。
要命的是，电影剧情保守，画面也靠拢迪士尼，除了共生体黏液质感稍微恶心，电影血腥镜头基本没有，杀人时都是镜头一转，死一堆人也不见血。
电影也有追车，也有群殴和单挑，也有各种上天入地旋转跳跃的特效，但都是那种好莱坞常见的大路货。唯一美型又有演技的汤老师，导演倒是拼命给他加戏，铺垫又臭又长，以致电影节奏严重失调，但依然顶不住人物平面刻板，空洞得一塌糊涂。
谈论“毒液”，还是绕不开日本的“寄生兽”，两部都是以“寄生”为母体的电影。从质量而言，无论残酷性、严肃性、冲击力、故事结构、思辩深度，“寄生兽”都要强过“毒液”太多。
毒液就是那种制作方本想放手一搏，说来吧，我们这次大胆玩点不一样的，结果却在创作时不断犹豫退缩，越来越保守，最后处理成了一个空有架势，但无比温吞俗套的角色。
这么处理本身也没什么不好，但唯独可惜了“毒液”这样的好食材，它本应该成为餐桌上那道“河豚”，有毒，但无比鲜美。
可现在，我却觉得自己只是吃了一份盒饭，饱是饱了，但没有太多愉悦。
偏偏是这么一份卖相平平的盒饭，却在周末3天就大卖出7个多亿，你说这烂片当道的年月，观众们都饿成啥样了？",2,https://movie.douban.com/review/9756334/
Venom,"讲真，这部电影让我极度不适！前半段剧情很恐怖，我好长时间不敢直视，”两股战战，几欲先走”。但为了我期待的美好结局，忍了，按照好莱坞的套路，一般都会皆大欢喜，这样我心里阴影面积还能小点。
后半段电影才开始松弛，拍了些激烈的追击场景，抖了几下包袱，但都没有特别出彩，难以让人印象深刻。
看过的电影不多，只能谈谈主观感受:
1.题材有些俗套。生化危机，外星入侵，这类题材貌似很多，生物合体多像阿凡达啊，只是阿凡达是人类意识寄宿外星人，本影是外星物种寄宿人类。
2.本影的爱情刻画不太动人，记得阿凡达和他的外星女朋友之间的小暧昧刻画的很细腻，本影不知是剪辑的问题还是恐怖氛围渲染过浓的原因，男主和女主的爱情显得很单薄，起承转合都牵强。
3.本影的bug比较多。明明实验室有很多结合失败的例子，怎么毒液选谁都能百发百中从不失手？为什么实验室里结合不成功的粘液，都在空气中死亡，而毒液和它的对手在空气中粘来粘去却毫发无损？
4.毒液改变主意要拯救地球的转折点在哪？就像演讲者讲爱国一样，铺垫很少，生硬拔高，刻意带高潮。实在有点莫名其妙。
最后我想说说这毒液的形象设计，实在太丑陋了，让人浑身不适，从电影院出来头晕许久，真是闲的，过去找虐！",2,https://movie.douban.com/review/9755825/
Venom,"周末有人一起，饶有兴致的冒雨去影院看了这部电影，或许是期望偏高，或许是对于美国这类片子已经失去兴趣，看完居然想表达下观影感受，为此还专门下载了这个软件，头一遭写影评。
剧情基本上看了开头就猜出来了，俗套的美帝英雄主义，收尾有点草率，可能是要拍续集，人间还流落有蛮多丧尸，没交代就戛然而止。",2,https://movie.douban.com/review/9755483/
Venom,"说实话 剧情真的很烂 但我给毒液五星《毒液》
剧情很差 人物设定很棒以下是我的几个问题 欢迎各位替我解答（文明辩论）
Q1.毒液和暴乱来地球的原因是什么（片中只提到为了食物）
Q2.毒液为什么变好 要拯救地球（片中只说是因为埃迪 因为他和它思想共享）
Q3.故事太短 所有的人物都很单薄 反派博士 安妮女主 性格单一
Q4.暴乱是共生体的领袖 为了自己星球的生物征服地球 而毒液是背叛者 因为在自己的星球上是个一事无成的废物 就要选择留在地球 阻止暴乱 那在某种程度上来讲 就不符合人类的道德伦理 就好像人类需要开辟新天地生存下去 此时有一个废物为了自己活得开心阻碍所有人
Q5.We are loser  但是片头埃迪只是不愿意隐瞒真相而被辞职 引发了一系列问题 但从道德层面 埃迪的出发点是好的 并不能称之为失败者 这个“loser”的定义过于肤浅 仅仅表现在埃迪失去生活来源 坠入困境 并没有表现出失败者的缺陷 比如懦弱之类的性格特征 （失败总是有原因的）而片尾 埃迪也只是捡回了自己的工作 关于安妮 也是莫名其妙地就和好 关于那个吻 安妮的态度转换仅仅只是因为毒液的存在 显得女主很没有原则 爱的意义十分贫乏 loser也没有发生什么实质性的改变 没有突出什么优秀品质
所以在我看来 最大的问题就在于 英雄片没有突出英雄品质",2,https://movie.douban.com/review/9754974/
Venom,从等这部电影到它上映一下过了一个多月。上映第二天一早十点我就走进影院。太期待了，期待着复仇者联盟里出现一个新角色，一个和绿巨人一样的家伙。但，渣男的故事开始了：男一号先是背着老板意图毁了自己公司千载难逢的好机遇（老板告诉你了，有证据再去说，别做那无良媒体）接着立即不考虑，哪怕告诉一声女友，就为了所谓正义让她失业。然后人家科学家阿姨好心把你带进实验室，你他妈拍两张照就先出来啦，还他妈在那晃来晃去，害死阿姨。到最后，好吧，你正义战胜邪恶，保住地球。然后呢，结局就是你依旧想把你女友抢回来，那想救你一命好心医生的女友挖走，拿这来做下集预告？好了，长的我不多说了。里面打戏特效还是很精彩，所以我给两星。但，复仇者联盟不欢迎你！好吧，我说了不算…但能不能别这么渣好吗？,2,https://movie.douban.com/review/9754425/
Venom,虽然我喜欢汤老师，但是出演这种商业片也没啥可看了。可能受这些年超英电影的影响（就是漫威），我们对科幻片这一电影类型的要求降低了，看电影的时候所有人的表演，情节走向，场面调度，音乐，镜头全部是一股流水线气息。就跟小学时候老师让读课文，为了完成任务全程念字没有一点情感一样。虽然表演和剧本是艺术创作，但是好莱坞这么多年的电影市场化确实能把电影艺术品变成电影商品，你能看出演员每个表情，每句台词，还有一个个小情节的设置，全都一个套路一个模式，非常标准，你看完上一段就猜到下一秒他应该有啥反应做什么表情说什么台词了，一点都不会意外，因为这些电影都一个模式出来的。还有娱乐化越来越严重，人物动机，情节，和角色性情前后的一致性，都有点莫名其妙。为了笑点也不能这么站不住脚吧，也不是吹毛求疵，电影可以娱乐可以是商品，但是这样纯粹拿出来卖票马马虎虎塑造一个漫威新角色扩展宇宙观，甚至说塑造得很差，对漫威粉来说，是一点诚意都没有的,2,https://movie.douban.com/review/9753948/
Venom,"很尬的漫威电影。
全部都是套路，逻辑还特别的混乱，比如明明说共生体非常挑人，和人一旦混合得不好了人就要嗝屁了，结果后半场电影突然人人都能和共生体并存；又比如毒液明明辣么的藐视人类，突然间就你好他好我也好的要拯救人类拯救世界了。
感觉10个编辑各自拿了一部分剧本来写，写完了一对：“诶妈耶不好，逻辑对不上，哎呀项目时间太赶了，也没时间改了，我们就剪辑几个特别漂亮的预告片，把人骗进一波是一波吧！”",2,https://movie.douban.com/review/9753863/
Venom,这部片子总体来说还不差吧，想不到这次毒液会完全去蜘蛛侠化，毕竟不能说是漫威宇宙的范畴。这种感觉和看《死侍》差不多，情节思路很另类。不好意思，节奏如此缓慢让我沉睡了半部电影的时间，还是搞笑片段与炫酷特效唤醒了我。值得说一下“反英雄”的套路，主人公艾迪与毒液有着相同的境遇，所以毒液作为外星共生体找到了默契度极高的艾迪才得以生存，我与我周旋久，宁做我，让“反派”逆袭，独扛大旗，营造出该有的格局，很有现实意义。可是，肥皂剧一般的情节让人很失望，如果是抱有漫威粉的心态去看，一定会大打折扣，就算是立足于普通观众的感受去体会，逻辑与人设的双重空洞，也很难满足他们的理性心理。刺激爽快的动作戏份或许会帮助此片get一些看点。还有…说好的第二个彩蛋在哪里🧐,2,https://movie.douban.com/review/9753452/
Venom,剧情走向有点儿戏，男主采访的时候实在是很没专业人士的素质，而且完全不顾女朋友就这么问了，关键是就这么骂两句发泄情绪卵用没有，浪费证据，打草惊蛇，有什么意义呢？还有各种轻轻松松就混进去了，带人进去也不弄个遮盖什么的，沿途的监控应该都是瞎的，保安队长也没有个专业人士的样子，跟小混混一个德行，耍勇斗狠的。最后打起来也不怎么精彩……还有完全不理解毒液跟倒豆子一样把自己的弱点往外讲……给个两分因为毒液还挺可爱的,2,https://movie.douban.com/review/9751989/
Venom,"没有预期的烂，就是冗长无聊罢了。据说已经剪了40分钟降级，没想到还有20分钟灌水，可见剧本打磨得多糟糕。
铺垫可以删1/3，逃出实验室可以删1/3，无聊飙车可以删1/2，三段便利店戏可以合成两段，最后的决斗完全站不住脚要重拍。
说实话，既然毒液的目标只是摧毁火箭，何必正面冲突？蹲角落打个飞机等火箭升空后倏地冲出来给一刀引爆不就好了(事实结尾就是这样处理的……)，实在无脑。
整个故事逻辑，应该改成:
暴虐及其大军占领了一支外星人飞船。可是这飞船能量不足，大军们又急需找到新的居住地。于是暴虐带着毒液等组成先锋军去到地球。最终结尾改成暴虐要发信标指引大军用尽飞船能量降临，暴虐和毒液则围绕信标展开一场殊死攻防战。
这样虽然套路，好歹站得住脚，而且还顺便跟漫威给毒液新加的起源故事(毒液先寄宿邪恶外星人，再死侍，再小虫，接着艾迪)接上。
今年的漫威除了复联3，真是一片惨淡。好在ip经营多年，已经形成啦啦队效应，只要c位唱跳担当人气够高，其他划水队友拍得烂些，也一样能够骗走观众口袋里的钱了。",2,https://movie.douban.com/review/9751609/
Venom,"高科技生物公司追杀男主时从监视到无人机无所不用其极，但竟然让男主一个大活人轻而易举地被女科学家带进实验室。电梯，大厅和走廊没监控吗？钱都花在无人机了？
男主和女主都快谈婚论嫁(有订婚戒指)考虑生孩子了，竟然因为泄露信息丢掉工作突然轻易分手。而且女主分手后第二天有了新男友！女主太TMD随便了吧？
女科学家不惧怕丢掉工作和潜在危险轻易地泄露公司机密给男主。你就自己不能拍照并把公司纪要提供给男主吗？非得亲自带男主让他自己采集。桥段安排得太搞笑了吧？
女店主见到男主的变身制服并吃掉劫匪竟然镇静得一声不吭。怪物见多不怪了？
不合理的情节设计得太多了。所以就当是CG片看吧。",2,https://movie.douban.com/review/9751118/
Venom,"先写结论：可以看，如果只是图看电影的刺激感或者和朋友一起看，可以看。如果自己掏电影片钱自闭看还是省了买杯星巴克吧。不过其实说没有从《毒液》里获得乐趣是不公平的，超级英雄电影怎么拍，特效摆在那里，还是不会差到哪里去。那就先礼后兵，说一下片子的优点：1. 影片末尾的格斗戏码很精彩，新鲜感充足 2.外星人会说俏皮话 没了。
缺点（含剧透）：电影剧情实在是太poor了，就1小时37分钟是不是索尼逼着赶紧做出来捞钱才着急忙慌地做出来的产品。超级英雄电影也可以有很好的剧情啊，比如同行游戏《漫威蜘蛛侠》不管游戏性怎么样剧情是make sense的挺不错的，这个毒液就太差了。老套的大资本家公司控制全城，老套的僵尸式感染模式，以及男主角用灭火器就把人家大资本家用来隔离的玻璃打碎了实在是太出戏了。然而最差劲的还不是这点，而在于本来感染男主角的外星生物原本要吃光全地球，忽然就宣布被男主角“感动”了然后抗击另一个比ta强大很多的外星同类拯救地球。赶功的痕迹实在太明显给我带来强烈的不适感。而女主角上一秒还要消灭外星生物（用方法把外形寄生体从男主角身体里赶了出来），下一秒就跟外星人合体了找男主角去了...... 简直不要面孔的剧情...... 写到这里，如果你不是很在乎剧情严谨性的话（比如看了剧透），看个爽片也不是坏事
补充：以及明显借鉴了日漫寄生兽也是一个扣分点",2,https://movie.douban.com/review/9750090/
Venom,"作为一个漫威电影粉丝和美漫爱好者我只能给这部电影4分，作为以部漫画改编的电影，毒液以及男主角埃迪的起源改的面目全非，剧情逻辑有些混乱，人类反派动机不明，毒液洗白过程基本没交代，共生体与原著漫画差异太过巨大，让我看了电影之后甚至觉得就只是一个披了‘’毒液‘’皮的讲述宇宙共生体入侵地球的一般科幻片，我很不明白为什么索尼要拍这部毒液。（ps.结尾姆爷的Venom真的超好听，加两分，强烈推荐大家买姆爷新专辑Kamikaze）
毒液的诞生与两个漫画角色分不开，一个是蜘蛛侠，另一个就是死侍了。现在，小蜘蛛的电影归入漫威电影宇宙，小蜘蛛加入复仇者联盟；死侍是完全独立的个人电影，甚至不能确定是否与x战警属于同一世界观，就这么贸然地开启毒液的个人电影，我认为是非常不妥的。下面我先从漫画角度单独讲讲毒液与他最出名的宿主埃迪·布洛克的起源。
说到毒液就要提到最近的毒液的根源---共生体之神，一位与宇宙一同诞生的古老神祗。这位共生体之神无比强大，甚至杀死过天神组，但是因为宇宙诞生之初天神组人数众多，最终还是被打败，但是他并没有死去，经过了数百年甚至更久的沉思，他决定创造属于他自己的生命，他把当地的一种小动物转化成了共生体的原型。他开始沉迷于创造这种全新的生命，一个恐怖的共生体军团被他逐渐组建的建立起来。随着时间是流逝，他成为了统治无数共生体的共生体之神。至此他足不出户便可操纵他的共生体大军入侵其他的星球。在共生体入侵地球，袭击北欧的时候被雷神击败，这一部分的共生体也与本体失去了联系，有了自己的思想与感情，而出诞生的共生体本身是善良的，本身会不断学习宿主的思想，行为模式与能力而进化，本身只会增强宿主的能力，让好人更好，坏人更坏。而我们所熟知的毒液他的第一任宿主是死侍，但因为死侍具有最高级的自我意识（甚至能意识到自己是漫画人物，能够与读者交流，打破次元壁屠杀漫威编辑部什么的）死侍便主动断开了与毒液的联系，但是毒液还是学习了死侍的一部分思想，那就是死侍最为反派的一面，而后毒液附身小蜘蛛，获得了蜘蛛侠的相关能力。在彼得脱下毒液战袍后毒液与埃迪融合成为了蜘蛛侠系列中最为出名的反派毒液。
而我们的主角埃迪·布洛克在漫画里更不能称得上好人了。年幼的埃迪是个性格较为扭曲的孩子，过早失去母亲和父亲的严厉让他养成了说谎成性的习惯。谎话精自然得不到他人的喜爱与尊重，埃迪从被欺负打压的环境中一步步长大。长大后的埃迪选择了和隔壁的超人一样的职业生涯，成为了一名环球报的实习记者。虽然工作看起来光鲜亮丽，但是他的生活却没那么容易。靠着报道连环杀人狂而成名，但是在杀人狂被蜘蛛侠抓住后便失去了一切，将一切归咎于蜘蛛侠，甚至想要杀死蜘蛛侠，在这样的一个扭曲的心理中于毒液融合，成为了一心想要杀死小蜘蛛的大反派。
而电影中的埃迪却是一个伸张正义的好记者，毒液也没有经历之强的两任宿主，而是作为外星入侵军团中的一员，而共生体们也都成为了邪恶的入侵者。所以说这只是一个披者‘’毒液‘’的外皮的以部外星人入侵的科幻片。
如果你只是为了看汤老师和特效的普通观众，或者你是看了漫威电影，完全不了解动画和漫画，这或许是一部及格的科幻片，但是如果你是蜘蛛侠的粉丝，了解相关漫画，那么你可能会大失所望。最后再提一遍，结尾曲姆爷的Venom太好听了，强烈推荐大家购买姆爷的新专辑Kamikaze！！",2,https://movie.douban.com/review/9743666/
Venom,从技术角度画面特技效果背景效果配乐无可厚非，直接拍成动画电影不是还能节约成本，有真人参演明显多余，上上镜露露脸就完事了，演技全靠特效，这么拍下去漫威“你贫了”全是漫画人物改编真人版但是又远远偏离漫画故事，年年一部部的出烦不烦！每个人物还要有自传然后凑齐人数好拍“舞会”，出完英雄人物再拍反面人物，照这进度再拍几十年都不需要剧本，翻翻漫画就是好几个剧本，人物性套路性过强，原来就是超人和蝙蝠侠偶尔出一部看看换换视觉还是非常舒服的，多就没意思了。,2,https://movie.douban.com/review/9732904/
Venom,"或许是超级英雄电影看多了，这部电影没有给我带来任何冲击！很是平淡的一部电影，普通的超级英雄套路，如果说非要有变化的话，那就是英雄的外在形象比较丑陋，但也仅此而已。还是非常简单的超级英雄救世的套路。
漫威从《钢铁侠》的惊艳，到现在流水线的产品，已经走过了十年，十年是一个质变期，如果还没有突破，或许以后也就这样了！漫威超级英雄电影或许票房会有保障，但也难出爆款，其次每部电影的创作空间也会小很多，因为要为整个漫威宇宙服务。
富人靠科技，穷人靠变异。这次也差不多，靠的的外星生物的寄生，有点《异型》的感觉。从普通人到拥有超能力，这一套路和《蜘蛛侠》差不多，再两个毒液对决，和《钢铁侠》套路差不多，女主的功能和小辣椒也差不多，发挥了一点作用，再和男主谈了点恋爱。
自古深情留不住，唯有套路得人心！",2,https://movie.douban.com/review/9770047/
Venom,"在一个漫威铁粉的朋友的邀请下去看了《毒液》，深感这真是一个从头套路到尾的新瓶旧酒，完全没有给我这个其实并没看过太多英雄片的人哪怕一丝丝惊喜。要逻辑没逻辑，要幽默也不幽默，要人设也没人设，可以说除了华丽特效和给了观众“可乐爆米花”这种垃圾食品一样的劲爽观影体验外毫无亮点。就这样的片子都能在豆瓣拿到7.4分，漫威IP的基本盘不可谓不稳。
        我其实是有一些意难平的。当漫威粉在国内发展到了现在的规模时，他们已经成为了介于小众和大众之间的一种既有流量、又有逼格、还很fashion的“观影意见领袖”。他们认为故事不重要，那么观众对漫威电影的要求就是，故事可以没逻辑；他们说“观影体验”和气氛很重要，那么观众对漫威电影的要求就是，只要观影体验够爽就很棒。这样一来，漫威电影凭借着观众对他们设定的“专有标准”，在评分上打败了其他所有被观众用“普通观影标准”对待的电影。而像我这种对“超级英雄情绪”一直保持冷静甚至冷漠态度的观众，就会陷入到沉默的螺旋里——某种程度上很像粉丝对小鲜肉的追捧，只不过小鲜肉的粉丝少且蠢，所以“路人”占比多的社会可以对小鲜肉爱怎么批评就怎么批评；而漫威的粉丝太多了，且可以用“专有标准”感染所有观众，从而占据在影评上的至高地位，让持不同意见的观众无法被看见。
        都说越是像超级英雄片这种超级大制作，越是要求稳。不可否认，有相当一部分观众就是愿意沉浸在这种换汤不换药的套路梦境中，一次又一次，不厌其烦。可是如果这部分观众用这种双重标准引导了其他观众对电影的评价标准，我认为这是对其他电影非常不公平的，对我们这种“不那么fashion”的观众也是不公平的。当然有人会说漫威电影能让粉丝做到这样也是一种牛逼之处，然而如果这个理由是有道理的话，那大企业垄断市场也是垄断企业牛逼，劣币驱逐良币也是劣币牛逼。少数人或许无法从多数人手里抢夺到话语权，但我不服。",2,https://movie.douban.com/review/9756210/
Venom,"在我的印象中，毒液一直都是一个身形巨大无比，充满邪恶，恶心，张狂，甚至非常恐怖的反派，结果，最新的毒液电影，他却成为主角艾迪脑中最单纯，贴心，温柔，甚至有点可爱的第二人格，这样的反差，让我有点意外。

《毒液》很明显在试水温，而且手法相当保守。毒液他坏到骨子里，预期应该是到处都有血浆四溅，断头断肢，生吃人体的「养眼」桥段，但是你会看到导演让这些画面都「巧妙」带过，顶多就是猛毒的舌头伸得很长，不断扭动在舔人脸已经是最血腥的表现了。《毒液》就是不够猛烈，不够狠毒，当残暴变成口号，就不足以表达毒液真正的角色魅力。

对我来说《毒液》不算是科幻动作片，比较像是汤姆哈迪用演技在探讨多重人格的剧情片，可惜不够深入。艾迪和毒液之间应当充满对立与冲突，可是却很难看出艾迪的焦虑挣扎，反而是毒液越说话越可爱。

艾迪从排斥到接纳毒液寄生，其原因不只是斗嘴或嘲讽彼此就能解释清楚，一方面要描写艾迪的痛苦，一方面也要顾及毒液的表现，最后却变成毒液太过亮眼，艾迪只是一个载体让猛毒得以变身而已，至于艾迪的正义感（不是开场一些新闻画面就够了），毒液的回心转意（帮助人类是因为喜欢艾迪？），以及反派的动机才会令人尴尬。

「毒液」就像是我们的恶习、缺点、内心某一个总是跟自己唱反调的「声音」，而且也常常被它支配，所以每次都说要12点前就睡（其实想再多玩1场游戏，再多滑5分钟手机，再多看10分钟影集），但真的躺在床上时已经2点多，因此改善这些缺点，与声音取得平衡，是我们必须反覆练习的重要课题，因此《毒液》的最后，我们知道艾迪跟毒液已成为彼此的闺蜜，约法三章不再失控，才能从此过着幸福快乐的日子。

《毒液》集中火力在刻划艾迪与毒液，因此其他角色都明显边缘化，而且动作场面不够狂野夸张还非常混乱（尤其是最终跟暴动的对决），希望续集就直接限制级上映吧，别再绑手绑脚，毒液的暴力不是说说而已，无止尽的撕咬和喷血我已经准备好了。",2,https://movie.douban.com/review/9741948/
